timestamp,yaw,pitch,roll,raw_ax,raw_ay,raw_az,raw_gx,raw_gy,raw_gz,raw_mx,raw_my,raw_mz,uni_ax,uni_ay,uni_az,uni_gx,uni_gy,uni_gz,uni_mx,uni_my,uni_mz,mag_raw_magnitude,mag_cal_magnitude
1767678888.150979,,,,-0.015625,-0.385986328125,0.911865234375,1.125,2.625,-0.625,24.7,-35.4,53.7,0.0,0.0,0.0,0.0,0.0,0.0,0.0,0.0,0.0,68.89804061074597,0.0
1767678888.1711621,,,,-0.017822265625,-0.384765625,0.908203125,2.0,2.3125,-0.5,25.2,-35.8,54.0,0.0,0.0,0.0,0.0,0.0,0.0,0.0,0.0,0.0,69.51747981623039,0.0
1767678888.1898282,,,,-0.0166015625,-0.384765625,0.908935546875,1.6875,3.0625,-0.5625,25.5,-36.1,52.2,0.0,0.0,0.0,0.0,0.0,0.0,0.0,0.0,0.0,68.39809938879881,0.0
1767678888.210909,,,,-0.011962890625,-0.385498046875,0.91064453125,1.375,2.375,-0.625,25.0,-36.7,52.3,0.0,0.0,0.0,0.0,0.0,0.0,0.0,0.0,0.0,68.60889155204302,0.0
1767678888.231024,,,,-0.011962890625,-0.38671875,0.9111328125,1.625,2.5,-0.625,22.5,-36.1,52.5,0.0,0.0,0.0,0.0,0.0,0.0,0.0,0.0,0.0,67.57003773863087,0.0
1767678888.251065,,,,-0.015625,-0.3837890625,0.914794921875,1.5625,2.3125,-1.0,25.2,-35.1,51.7,0.0,0.0,0.0,0.0,0.0,0.0,0.0,0.0,0.0,67.3790768710881,0.0
1767678888.2701921,,,,-0.014892578125,-0.385498046875,0.910888671875,1.4375,2.1875,-0.4375,22.9,-34.6,51.0,0.0,0.0,0.0,0.0,0.0,0.0,0.0,0.0,0.0,65.74625464617738,0.0
1767678888.2906759,,,,-0.0166015625,-0.385009765625,0.90673828125,1.75,2.375,-0.8125,23.8,-35.5,51.6,0.0,0.0,0.0,0.0,0.0,0.0,0.0,0.0,0.0,67.00186564566691,0.0
1767678888.310949,,,,-0.0166015625,-0.387451171875,0.912841796875,2.125,1.75,-0.0625,23.2,-34.6,53.2,0.0,0.0,0.0,0.0,0.0,0.0,0.0,0.0,0.0,67.5695197555821,0.0
1767678888.331093,,,,-0.016357421875,-0.38232421875,0.91357421875,1.5625,2.1875,-0.5625,24.0,-35.1,52.2,0.0,0.0,0.0,0.0,0.0,0.0,0.0,0.0,0.0,67.32644354189519,0.0
1767678888.3504052,,,,-0.012939453125,-0.384033203125,0.90283203125,1.5,2.25,-0.1875,25.0,-36.0,53.5,0.0,0.0,0.0,0.0,0.0,0.0,0.0,0.0,0.0,69.16104394816492,0.0
1767678888.370868,,,,-0.01318359375,-0.3837890625,0.911865234375,1.9375,2.3125,-0.1875,23.7,-36.6,52.9,0.0,0.0,0.0,0.0,0.0,0.0,0.0,0.0,0.0,68.55406625430763,0.0
1767678888.388882,,,,-0.014892578125,-0.38525390625,0.9072265625,1.1875,2.5625,-1.0625,25.2,-35.8,52.2,0.0,0.0,0.0,0.0,0.0,0.0,0.0,0.0,0.0,68.12870173429111,0.0
1767678888.4100149,,,,-0.013671875,-0.386474609375,0.912841796875,1.625,2.6875,-0.375,24.6,-35.5,53.1,0.0,0.0,0.0,0.0,0.0,0.0,0.0,0.0,0.0,68.4472059327479,0.0
1767678888.4306118,,,,-0.013916015625,-0.386962890625,0.911865234375,1.8125,2.4375,-0.5625,25.8,-37.2,51.6,0.0,0.0,0.0,0.0,0.0,0.0,0.0,0.0,0.0,68.6443005645771,0.0
1767678888.45099,,,,-0.012939453125,-0.385009765625,0.914306640625,1.625,2.3125,-0.375,24.0,-35.8,54.0,0.0,0.0,0.0,0.0,0.0,0.0,0.0,0.0,0.0,69.09153349000151,0.0
1767678888.470804,,,,-0.016357421875,-0.3857421875,0.911865234375,1.625,2.0,-0.4375,23.7,-35.8,51.7,0.0,0.0,0.0,0.0,0.0,0.0,0.0,0.0,0.0,67.2028273214751,0.0
1767678888.4900732,,,,-0.01416015625,-0.3837890625,0.912353515625,1.75,2.4375,-0.375,25.3,-35.5,51.6,0.0,0.0,0.0,0.0,0.0,0.0,0.0,0.0,0.0,67.54924129847795,0.0
1767678888.51046,,,,-0.01611328125,-0.383544921875,0.91064453125,1.75,2.25,-0.8125,24.0,-37.6,52.5,0.0,0.0,0.0,0.0,0.0,0.0,0.0,0.0,0.0,68.89129117675179,0.0
1767678888.531276,,,,-0.012451171875,-0.385009765625,0.917236328125,1.75,2.4375,-0.8125,25.0,-35.5,51.6,0.0,0.0,0.0,0.0,0.0,0.0,0.0,0.0,0.0,67.43745250230023,0.0
1767678888.5509021,,,,-0.019287109375,-0.385498046875,0.910888671875,1.625,2.25,-0.5625,23.8,-36.4,52.0,0.0,0.0,0.0,0.0,0.0,0.0,0.0,0.0,0.0,67.78937969918296,0.0
1767678888.570965,,,,-0.015380859375,-0.383056640625,0.9091796875,2.125,2.5625,-0.4375,23.2,-34.6,53.7,0.0,0.0,0.0,0.0,0.0,0.0,0.0,0.0,0.0,67.96388746974381,0.0
1767678888.5909529,,,,-0.0166015625,-0.381103515625,0.913818359375,1.25,2.6875,-0.625,24.4,-34.6,51.0,0.0,0.0,0.0,0.0,0.0,0.0,0.0,0.0,0.0,66.2836329722504,0.0
1767678888.610719,,,,-0.016357421875,-0.385009765625,0.90673828125,1.375,2.5625,-0.4375,24.4,-35.8,51.4,0.0,0.0,0.0,0.0,0.0,0.0,0.0,0.0,0.0,67.22321027740344,0.0
1767678888.630385,,,,-0.013427734375,-0.38427734375,0.908203125,1.9375,1.875,-0.4375,23.4,-35.5,52.0,0.0,0.0,0.0,0.0,0.0,0.0,0.0,0.0,0.0,67.17000818817874,0.0
1767678888.6500962,,,,-0.012939453125,-0.382080078125,0.915283203125,1.5625,2.3125,-0.5625,22.3,-36.4,53.5,0.0,0.0,0.0,0.0,0.0,0.0,0.0,0.0,0.0,68.44340727929901,0.0
1767678888.6701329,,,,-0.014404296875,-0.38671875,0.910888671875,1.25,2.375,-0.5,24.3,-34.8,53.1,0.0,0.0,0.0,0.0,0.0,0.0,0.0,0.0,0.0,67.97896733549281,0.0
1767678888.692575,,,,-0.014892578125,-0.384765625,0.91259765625,1.5,2.5625,-0.9375,23.8,-34.5,53.1,0.0,0.0,0.0,0.0,0.0,0.0,0.0,0.0,0.0,67.64835548629398,0.0
1767678888.710997,,,,-0.013671875,-0.384033203125,0.914794921875,1.4375,2.5,-0.75,23.4,-35.5,52.0,0.0,0.0,0.0,0.0,0.0,0.0,0.0,0.0,0.0,67.17000818817874,0.0
1767678888.730367,,,,-0.014404296875,-0.38134765625,0.912353515625,1.5625,2.0,-0.5625,23.8,-35.5,53.8,0.0,0.0,0.0,0.0,0.0,0.0,0.0,0.0,0.0,68.71047955006571,0.0
1767678888.750346,,,,-0.0146484375,-0.382568359375,0.913330078125,1.9375,2.375,-0.5,23.4,-34.8,52.3,0.0,0.0,0.0,0.0,0.0,0.0,0.0,0.0,0.0,67.03648260462357,0.0
1767678888.770483,,,,-0.012939453125,-0.382568359375,0.9130859375,1.6875,2.4375,-0.4375,22.9,-36.6,53.7,0.0,0.0,0.0,0.0,0.0,0.0,0.0,0.0,0.0,68.90326552493721,0.0
1767678888.79004,,,,-0.0166015625,-0.386962890625,0.9140625,1.5625,2.5,-0.75,23.8,-36.4,52.3,0.0,0.0,0.0,0.0,0.0,0.0,0.0,0.0,0.0,68.01977653594578,0.0
1767678888.811127,,,,-0.019775390625,-0.381591796875,0.90771484375,1.5,2.5625,-0.25,24.0,-35.4,51.4,0.0,0.0,0.0,0.0,0.0,0.0,0.0,0.0,0.0,66.86643403083494,0.0
1767678888.830556,,,,-0.015380859375,-0.384521484375,0.912353515625,1.5,2.5,-0.875,24.4,-35.8,51.7,0.0,0.0,0.0,0.0,0.0,0.0,0.0,0.0,0.0,67.45287243698374,0.0
1767678888.850677,,,,-0.011962890625,-0.380859375,0.910400390625,1.4375,2.6875,-0.8125,22.5,-34.3,53.2,0.0,0.0,0.0,0.0,0.0,0.0,0.0,0.0,0.0,67.17871686776995,0.0
1767678888.871053,,,,-0.01025390625,-0.38427734375,0.91162109375,1.25,2.125,-0.4375,24.3,-33.7,53.1,0.0,0.0,0.0,0.0,0.0,0.0,0.0,0.0,0.0,67.42247399791853,0.0
1767678888.8905401,,,,-0.014892578125,-0.38232421875,0.908447265625,1.875,1.5625,-0.3125,23.2,-35.1,51.4,0.0,0.0,0.0,0.0,0.0,0.0,0.0,0.0,0.0,66.42446838326973,0.0
1767678888.9104698,,,,-0.012939453125,-0.38818359375,0.90771484375,1.625,2.0,-0.6875,24.3,-37.5,52.0,0.0,0.0,0.0,0.0,0.0,0.0,0.0,0.0,0.0,68.5619427962773,0.0
1767678888.930887,,,,-0.0166015625,-0.38525390625,0.904296875,1.5625,1.6875,-0.5,23.1,-35.2,52.3,0.0,0.0,0.0,0.0,0.0,0.0,0.0,0.0,0.0,67.14119450828976,0.0
1767678888.951124,,,,-0.013671875,-0.380859375,0.9189453125,1.8125,2.5625,-0.375,25.5,-35.1,52.5,0.0,0.0,0.0,0.0,0.0,0.0,0.0,0.0,0.0,68.10660760895378,0.0
1767678888.971241,,,,-0.01708984375,-0.386962890625,0.908203125,1.5,2.125,-0.6875,24.4,-33.9,52.2,0.0,0.0,0.0,0.0,0.0,0.0,0.0,0.0,0.0,66.85364612345388,0.0
1767678888.990276,,,,-0.016357421875,-0.38916015625,0.89892578125,1.6875,2.25,-0.75,23.8,-35.5,53.1,0.0,0.0,0.0,0.0,0.0,0.0,0.0,0.0,0.0,68.16377336973063,0.0
1767678889.011178,,,,-0.012939453125,-0.380615234375,0.91650390625,2.25,2.875,-0.8125,24.4,-36.1,51.4,0.0,0.0,0.0,0.0,0.0,0.0,0.0,0.0,0.0,67.38345494258958,0.0
1767678889.030622,,,,-0.012451171875,-0.37353515625,0.918701171875,1.625,2.75,-0.4375,23.1,-37.2,53.8,0.0,0.0,0.0,0.0,0.0,0.0,0.0,0.0,0.0,69.36778791341122,0.0
1767678889.051024,,,,-0.031005859375,-0.403564453125,0.90625,1.1875,2.3125,-0.875,23.8,-34.8,51.6,0.0,0.0,0.0,0.0,0.0,0.0,0.0,0.0,0.0,66.63362514526732,0.0
1767678889.070358,,,,-0.022216796875,-0.389404296875,0.905029296875,1.9375,2.625,-1.25,23.7,-36.1,51.4,0.0,0.0,0.0,0.0,0.0,0.0,0.0,0.0,0.0,67.13315127416558,0.0
1767678889.09098,,,,-0.01123046875,-0.375244140625,0.92626953125,1.875,2.625,-0.875,25.5,-36.1,53.2,0.0,0.0,0.0,0.0,0.0,0.0,0.0,0.0,0.0,69.16429714816742,0.0
1767678889.1111739,,,,-0.011962890625,-0.379150390625,0.91357421875,1.875,2.5625,-0.9375,24.0,-36.1,52.9,0.0,0.0,0.0,0.0,0.0,0.0,0.0,0.0,0.0,68.39312830979439,0.0
1767678889.1319628,,,,-0.016357421875,-0.385009765625,0.905029296875,1.875,2.3125,-0.625,25.5,-36.1,52.2,0.0,0.0,0.0,0.0,0.0,0.0,0.0,0.0,0.0,68.39809938879881,0.0
1767678889.150985,,,,-0.014404296875,-0.3828125,0.908447265625,1.875,2.25,-0.875,23.2,-35.4,52.2,0.0,0.0,0.0,0.0,0.0,0.0,0.0,0.0,0.0,67.20297612457352,0.0
1767678889.170206,,,,-0.013916015625,-0.38134765625,0.918212890625,2.0,2.4375,-0.4375,24.3,-33.0,53.1,0.0,0.0,0.0,0.0,0.0,0.0,0.0,0.0,0.0,67.07533078561745,0.0
1767678889.18952,,,,-0.02001953125,-0.378662109375,0.912353515625,1.5,2.25,-0.4375,25.5,-34.6,52.9,0.0,0.0,0.0,0.0,0.0,0.0,0.0,0.0,0.0,68.16025234695071,0.0
1767678889.2112792,,,,-0.015625,-0.3896484375,0.913330078125,1.3125,2.5,-0.4375,24.6,-37.2,53.8,0.0,0.0,0.0,0.0,0.0,0.0,0.0,0.0,0.0,69.88161417712101,0.0
1767678889.2317598,,,,-0.004150390625,-0.37646484375,0.919677734375,1.25,3.4375,-0.25,22.5,-34.6,51.0,0.0,0.0,0.0,0.0,0.0,0.0,0.0,0.0,0.0,65.60800256066328,0.0
1767678889.250426,,,,-0.01513671875,-0.380126953125,0.922119140625,0.8125,2.125,-0.3125,23.7,-35.4,52.9,0.0,0.0,0.0,0.0,0.0,0.0,0.0,0.0,0.0,67.92098350289106,0.0
1767678889.270868,,,,-0.0146484375,-0.385009765625,0.908447265625,1.3125,2.1875,-0.5,24.4,-35.8,51.4,0.0,0.0,0.0,0.0,0.0,0.0,0.0,0.0,0.0,67.22321027740344,0.0
1767678889.291203,,,,-0.01513671875,-0.379638671875,0.923583984375,1.4375,2.5,-0.1875,25.5,-36.6,52.5,0.0,0.0,0.0,0.0,0.0,0.0,0.0,0.0,0.0,68.89165406636714,0.0
1767678889.310787,,,,-0.015625,-0.387451171875,0.90869140625,0.5,2.75,-0.75,22.9,-36.1,52.5,0.0,0.0,0.0,0.0,0.0,0.0,0.0,0.0,0.0,67.70428346862553,0.0
1767678889.330579,,,,-0.010986328125,-0.3828125,0.906494140625,2.0,2.5625,-0.1875,24.4,-35.4,51.4,0.0,0.0,0.0,0.0,0.0,0.0,0.0,0.0,0.0,67.0110438659181,0.0
1767678889.351785,,,,-0.0185546875,-0.385986328125,0.906005859375,0.9375,2.0,-0.9375,24.3,-36.0,51.6,0.0,0.0,0.0,0.0,0.0,0.0,0.0,0.0,0.0,67.4466455800435,0.0
1767678889.370869,,,,-0.018798828125,-0.391357421875,0.90283203125,1.9375,2.375,-0.5,25.5,-36.9,52.2,0.0,0.0,0.0,0.0,0.0,0.0,0.0,0.0,0.0,68.82368778262321,0.0
1767678889.3901818,,,,-0.017822265625,-0.39794921875,0.915283203125,2.4375,2.75,-0.4375,24.6,-35.2,53.8,0.0,0.0,0.0,0.0,0.0,0.0,0.0,0.0,0.0,68.83778032447007,0.0
1767678889.410816,,,,-0.017578125,-0.396484375,0.91162109375,3.6875,2.125,-0.9375,23.8,-38.2,52.3,0.0,0.0,0.0,0.0,0.0,0.0,0.0,0.0,0.0,68.99978260835319,0.0
1767678889.4298959,,,,-0.0107421875,-0.36572265625,0.920166015625,2.8125,1.625,-0.5,22.6,-34.5,53.5,0.0,0.0,0.0,0.0,0.0,0.0,0.0,0.0,0.0,67.55190596866976,0.0
1767678889.4501271,,,,-0.021728515625,-0.376220703125,0.92236328125,0.5,2.125,0.125,23.7,-36.1,51.4,0.0,0.0,0.0,0.0,0.0,0.0,0.0,0.0,0.0,67.13315127416558,0.0
1767678889.471433,,,,-0.011962890625,-0.390625,0.90234375,1.5625,2.5,-0.1875,25.0,-35.5,53.5,0.0,0.0,0.0,0.0,0.0,0.0,0.0,0.0,0.0,68.9021044671351,0.0
1767678889.4909859,,,,-0.0087890625,-0.390380859375,0.90771484375,2.375,1.75,-0.1875,24.4,-37.6,52.5,0.0,0.0,0.0,0.0,0.0,0.0,0.0,0.0,0.0,69.03165940349399,0.0
1767678889.510357,,,,0.00048828125,-0.376220703125,0.906005859375,2.5,0.875,1.5,24.6,-36.7,52.3,0.0,0.0,0.0,0.0,0.0,0.0,0.0,0.0,0.0,68.46415120338527,0.0
1767678889.530924,,,,-0.010009765625,-0.37060546875,0.92041015625,1.9375,1.75,-0.125,24.7,-34.6,51.4,0.0,0.0,0.0,0.0,0.0,0.0,0.0,0.0,0.0,66.70239875746599,0.0
1767678889.549931,,,,0.0078125,-0.359619140625,0.888427734375,3.6875,-4.3125,3.1875,24.0,-35.8,51.4,0.0,0.0,0.0,0.0,0.0,0.0,0.0,0.0,0.0,67.07905783476689,0.0
1767678889.570328,,,,-0.033447265625,-0.38818359375,0.930908203125,6.125,-0.9375,2.25,25.5,-35.8,53.2,0.0,0.0,0.0,0.0,0.0,0.0,0.0,0.0,0.0,69.00818791998526,0.0
1767678889.590067,,,,-0.01171875,-0.3818359375,0.9248046875,5.5625,-4.625,-0.25,25.0,-35.5,53.5,0.0,0.0,0.0,0.0,0.0,0.0,0.0,0.0,0.0,68.9021044671351,0.0
1767678889.610828,,,,-0.015869140625,-0.387939453125,0.958984375,2.875,1.75,-0.0625,24.4,-34.3,54.0,0.0,0.0,0.0,0.0,0.0,0.0,0.0,0.0,0.0,68.46787567903651,0.0
1767678889.630665,,,,-0.007568359375,-0.397705078125,0.87060546875,-0.9375,1.375,-1.25,23.7,-36.6,53.2,0.0,0.0,0.0,0.0,0.0,0.0,0.0,0.0,0.0,68.78582702853836,0.0
1767678889.651455,,,,-0.013671875,-0.369384765625,0.945068359375,3.5,3.0,-0.875,24.7,-36.6,52.5,0.0,0.0,0.0,0.0,0.0,0.0,0.0,0.0,0.0,68.5995626808218,0.0
1767678889.6705139,,,,0.00048828125,-0.369384765625,0.909423828125,1.125,2.375,-0.6875,26.8,-36.0,53.8,0.0,0.0,0.0,0.0,0.0,0.0,0.0,0.0,0.0,70.06197256714943,0.0
1767678889.692199,,,,-0.012451171875,-0.37841796875,0.925048828125,0.125,2.1875,-0.8125,25.0,-35.5,53.8,0.0,0.0,0.0,0.0,0.0,0.0,0.0,0.0,0.0,69.13530212561452,0.0
1767678889.7103739,,,,-0.009521484375,-0.3818359375,0.913330078125,1.5625,2.5,-0.6875,24.3,-34.5,52.8,0.0,0.0,0.0,0.0,0.0,0.0,0.0,0.0,0.0,67.59127162585418,0.0
1767678889.731068,,,,-0.0107421875,-0.37939453125,0.91943359375,0.9375,2.625,-0.4375,23.8,-36.7,53.5,0.0,0.0,0.0,0.0,0.0,0.0,0.0,0.0,0.0,69.10557141070466,0.0
1767678889.750069,,,,-0.009765625,-0.378173828125,0.917236328125,0.625,1.8125,-0.25,25.5,-35.8,51.4,0.0,0.0,0.0,0.0,0.0,0.0,0.0,0.0,0.0,67.63024471344164,0.0
1767678889.769995,,,,-0.01171875,-0.39501953125,0.893798828125,0.9375,2.0625,-0.375,23.8,-36.4,52.3,0.0,0.0,0.0,0.0,0.0,0.0,0.0,0.0,0.0,68.01977653594578,0.0
1767678889.790139,,,,-0.0078125,-0.3876953125,0.908447265625,3.1875,2.5,0.1875,24.0,-35.1,52.9,0.0,0.0,0.0,0.0,0.0,0.0,0.0,0.0,0.0,67.87061219703267,0.0
1767678889.8108191,,,,-0.01025390625,-0.377685546875,0.909912109375,4.1875,-2.25,-0.75,24.3,-35.5,52.8,0.0,0.0,0.0,0.0,0.0,0.0,0.0,0.0,0.0,68.10712150722566,0.0
1767678889.831164,,,,0.00537109375,-0.37109375,0.90625,6.6875,-4.8125,2.1875,25.0,-34.8,53.8,0.0,0.0,0.0,0.0,0.0,0.0,0.0,0.0,0.0,68.7784850080314,0.0
1767678889.850453,,,,-0.01416015625,-0.365966796875,0.947021484375,0.9375,0.875,-0.5625,25.5,-35.8,54.0,0.0,0.0,0.0,0.0,0.0,0.0,0.0,0.0,0.0,69.6267908207753,0.0
1767678889.870563,,,,0.002685546875,-0.381103515625,0.897216796875,5.375,-0.8125,0.4375,24.4,-33.9,52.5,0.0,0.0,0.0,0.0,0.0,0.0,0.0,0.0,0.0,67.08815096572569,0.0
1767678889.890857,,,,-0.00537109375,-0.365966796875,0.933837890625,4.375,-4.8125,3.0,24.4,-35.1,52.9,0.0,0.0,0.0,0.0,0.0,0.0,0.0,0.0,0.0,68.01308697596367,0.0
1767678889.9102578,,,,0.00830078125,-0.374755859375,0.907470703125,4.3125,0.1875,2.75,24.3,-34.5,52.3,0.0,0.0,0.0,0.0,0.0,0.0,0.0,0.0,0.0,67.20141367560656,0.0
1767678889.931381,,,,-0.0234375,-0.3955078125,0.919921875,-2.1875,1.625,-0.5625,24.6,-34.5,51.3,0.0,0.0,0.0,0.0,0.0,0.0,0.0,0.0,0.0,66.53645617253747,0.0
1767678889.9500768,,,,0.00341796875,-0.39208984375,0.886474609375,2.875,2.1875,0.125,25.0,-34.8,52.0,0.0,0.0,0.0,0.0,0.0,0.0,0.0,0.0,0.0,67.37981893712687,0.0
1767678889.970273,,,,-0.003662109375,-0.35791015625,0.935302734375,1.0,1.8125,-0.9375,23.7,-33.6,53.2,0.0,0.0,0.0,0.0,0.0,0.0,0.0,0.0,0.0,67.2375639059001,0.0
1767678889.9902809,,,,-0.004638671875,-0.369873046875,0.912841796875,1.5,2.125,-0.6875,24.3,-35.5,50.8,0.0,0.0,0.0,0.0,0.0,0.0,0.0,0.0,0.0,66.56861122180634,0.0
1767678890.0104141,,,,-0.00732421875,-0.376953125,0.9052734375,2.75,0.625,-0.625,24.4,-35.8,52.9,0.0,0.0,0.0,0.0,0.0,0.0,0.0,0.0,0.0,68.37696980709221,0.0
1767678890.031304,,,,-0.00146484375,-0.373291015625,0.924072265625,3.5,-0.3125,15.875,25.3,-34.8,52.0,0.0,0.0,0.0,0.0,0.0,0.0,0.0,0.0,0.0,67.49170319380005,0.0
1767678890.0509472,,,,0.001220703125,-0.376220703125,0.909423828125,3.625,-0.5625,0.3125,25.3,-35.2,51.6,0.0,0.0,0.0,0.0,0.0,0.0,0.0,0.0,0.0,67.39206184707514,0.0
1767678890.0705721,,,,-0.003173828125,-0.36376953125,0.924072265625,3.5,0.25,0.375,25.5,-34.6,53.2,0.0,0.0,0.0,0.0,0.0,0.0,0.0,0.0,0.0,68.393347629722,0.0
1767678890.0902941,,,,0.00439453125,-0.358154296875,0.935302734375,-0.1875,2.375,0.125,25.8,-36.7,52.3,0.0,0.0,0.0,0.0,0.0,0.0,0.0,0.0,0.0,68.90442656317516,0.0
1767678894.261655,,,,0.001220703125,-0.37939453125,0.91650390625,1.625,1.9375,-0.4375,26.5,-34.8,54.3,0.0,0.0,0.0,0.0,0.0,0.0,0.0,0.0,0.0,69.72646556365811,0.0
1767678894.279194,,,,-0.00146484375,-0.373779296875,0.915771484375,1.625,1.875,-0.375,25.5,-35.4,53.7,0.0,0.0,0.0,0.0,0.0,0.0,0.0,0.0,0.0,69.18887193761725,0.0
1767678894.299142,,,,0.001708984375,-0.372802734375,0.916259765625,1.5,1.9375,-0.125,24.7,-34.3,52.9,0.0,0.0,0.0,0.0,0.0,0.0,0.0,0.0,0.0,67.71255422741044,0.0
1767678894.320123,,,,0.001220703125,-0.3720703125,0.916259765625,1.6875,2.0625,-0.5,25.0,-34.5,53.1,0.0,0.0,0.0,0.0,0.0,0.0,0.0,0.0,0.0,68.07980611018219,0.0
1767678894.339498,,,,0.003662109375,-0.37548828125,0.913818359375,1.6875,2.5,-0.875,24.7,-35.1,53.2,0.0,0.0,0.0,0.0,0.0,0.0,0.0,0.0,0.0,68.35451704167033,0.0
1767678894.35983,,,,0.00048828125,-0.37646484375,0.910400390625,1.5625,2.5625,-0.375,25.3,-34.0,53.1,0.0,0.0,0.0,0.0,0.0,0.0,0.0,0.0,0.0,67.93894317694382,0.0
1767678894.379704,,,,0.00390625,-0.377197265625,0.9140625,1.625,2.1875,-0.375,23.8,-34.0,53.5,0.0,0.0,0.0,0.0,0.0,0.0,0.0,0.0,0.0,67.71033894465454,0.0
1767678894.39949,,,,0.002197265625,-0.37646484375,0.916748046875,1.5625,1.75,-0.75,26.1,-36.7,52.8,0.0,0.0,0.0,0.0,0.0,0.0,0.0,0.0,0.0,69.39697399743018,0.0
1767678894.4199831,,,,0.00244140625,-0.3740234375,0.9150390625,2.125,2.25,-0.25,25.5,-33.6,53.2,0.0,0.0,0.0,0.0,0.0,0.0,0.0,0.0,0.0,67.89293041252529,0.0
1767678894.438786,,,,-0.061767578125,-0.37451171875,0.915283203125,1.375,1.75,-0.4375,24.7,-35.1,53.7,0.0,0.0,0.0,0.0,0.0,0.0,0.0,0.0,0.0,68.74438158860694,0.0
1767678894.459328,,,,-0.002197265625,-0.37109375,0.912841796875,1.5625,2.4375,-0.5,24.7,-35.1,52.5,0.0,0.0,0.0,0.0,0.0,0.0,0.0,0.0,0.0,67.81113477888421,0.0
1767678894.481343,,,,-0.000244140625,-0.375244140625,0.9140625,1.6875,2.8125,-0.8125,26.5,-34.5,52.8,0.0,0.0,0.0,0.0,0.0,0.0,0.0,0.0,0.0,68.41301045853778,0.0
1767678894.499529,,,,0.00341796875,-0.37744140625,0.91845703125,1.1875,2.375,-0.6875,26.2,-35.4,52.5,0.0,0.0,0.0,0.0,0.0,0.0,0.0,0.0,0.0,68.52627233404718,0.0
1767678894.519082,,,,-0.00390625,-0.375,0.921142578125,1.1875,1.875,-0.4375,25.3,-35.5,50.5,0.0,0.0,0.0,0.0,0.0,0.0,0.0,0.0,0.0,66.7127424110267,0.0
1767678894.540053,,,,-0.001220703125,-0.37939453125,0.916748046875,1.6875,2.6875,-0.5,25.5,-36.1,52.5,0.0,0.0,0.0,0.0,0.0,0.0,0.0,0.0,0.0,68.62732691865537,0.0
1767678894.559505,,,,0.001708984375,-0.37841796875,0.911865234375,1.1875,2.125,-0.5,26.8,-34.8,52.8,0.0,0.0,0.0,0.0,0.0,0.0,0.0,0.0,0.0,68.68129294065452,0.0
1767678894.583452,,,,-0.004150390625,-0.373779296875,0.920654296875,0.9375,2.625,-0.9375,24.6,-36.4,52.3,0.0,0.0,0.0,0.0,0.0,0.0,0.0,0.0,0.0,68.30380662891343,0.0
1767678894.600127,,,,-0.001220703125,-0.373046875,0.917724609375,1.875,2.375,-0.6875,25.2,-34.3,53.2,0.0,0.0,0.0,0.0,0.0,0.0,0.0,0.0,0.0,68.13053647227505,0.0
1767678894.619512,,,,-0.001220703125,-0.377197265625,0.910400390625,1.6875,2.5,-0.3125,25.5,-34.6,52.2,0.0,0.0,0.0,0.0,0.0,0.0,0.0,0.0,0.0,67.6184146516317,0.0
1767678894.6392179,,,,0.001953125,-0.376708984375,0.916015625,1.4375,2.25,-0.5625,25.5,-35.4,51.7,0.0,0.0,0.0,0.0,0.0,0.0,0.0,0.0,0.0,67.64835548629398,0.0
1767678894.659276,,,,0.002685546875,-0.377685546875,0.919189453125,1.9375,2.5625,-0.6875,24.7,-35.1,52.5,0.0,0.0,0.0,0.0,0.0,0.0,0.0,0.0,0.0,67.81113477888421,0.0
1767678894.679571,,,,-0.002685546875,-0.37646484375,0.914306640625,1.4375,2.1875,-0.25,23.7,-35.8,52.9,0.0,0.0,0.0,0.0,0.0,0.0,0.0,0.0,0.0,68.13031630632578,0.0
1767678894.7026181,,,,0.001708984375,-0.373779296875,0.916259765625,1.5625,1.9375,-0.5625,25.3,-34.8,52.3,0.0,0.0,0.0,0.0,0.0,0.0,0.0,0.0,0.0,67.72311274594516,0.0
1767678894.720128,,,,-0.000732421875,-0.374755859375,0.919677734375,1.8125,1.75,-0.5,25.5,-36.1,53.2,0.0,0.0,0.0,0.0,0.0,0.0,0.0,0.0,0.0,69.16429714816742,0.0
1767678894.73932,,,,0.002685546875,-0.37548828125,0.914794921875,1.0,2.3125,-0.6875,24.7,-35.8,52.2,0.0,0.0,0.0,0.0,0.0,0.0,0.0,0.0,0.0,67.94534568312976,0.0
1767678894.7592928,,,,0.062255859375,-0.372802734375,0.913330078125,1.5,2.25,-0.5,25.3,-36.4,53.1,0.0,0.0,0.0,0.0,0.0,0.0,0.0,0.0,0.0,69.17123679680738,0.0
1767678894.77965,,,,-0.002685546875,-0.37646484375,0.914794921875,2.0625,2.6875,-0.5625,25.2,-34.3,52.2,0.0,0.0,0.0,0.0,0.0,0.0,0.0,0.0,0.0,67.35257975757128,0.0
1767678894.799646,,,,0.000732421875,-0.314453125,0.913818359375,1.125,1.875,-0.5625,23.1,-33.0,52.8,0.0,0.0,0.0,0.0,0.0,0.0,0.0,0.0,0.0,66.41121893174375,0.0
1767678894.821762,,,,0.000732421875,-0.37646484375,0.9150390625,1.3125,2.125,-0.1875,26.2,-35.8,51.0,0.0,0.0,0.0,0.0,0.0,0.0,0.0,0.0,0.0,67.59497022708125,0.0
1767678894.839108,,,,-0.003173828125,-0.376708984375,0.91455078125,2.375,2.3125,-0.5625,25.0,-36.4,53.1,0.0,0.0,0.0,0.0,0.0,0.0,0.0,0.0,0.0,69.062073528095,0.0
1767678894.860265,,,,-0.00390625,-0.378662109375,0.911376953125,1.1875,1.9375,-0.6875,26.1,-34.5,52.0,0.0,0.0,0.0,0.0,0.0,0.0,0.0,0.0,0.0,67.64214662471912,0.0
1767678894.879359,,,,-0.001220703125,-0.377197265625,0.914306640625,1.6875,2.5,-0.5625,25.2,-35.4,52.9,0.0,0.0,0.0,0.0,0.0,0.0,0.0,0.0,0.0,68.45881973858445,0.0
1767678894.8996239,,,,0.002685546875,-0.3779296875,0.91259765625,1.4375,2.25,-0.875,25.0,-35.2,53.1,0.0,0.0,0.0,0.0,0.0,0.0,0.0,0.0,0.0,68.43719748791588,0.0
1767678894.919494,,,,-0.000732421875,-0.4375,0.918701171875,1.5,2.3125,-1.0625,24.3,-34.5,52.3,0.0,0.0,0.0,0.0,0.0,0.0,0.0,0.0,0.0,67.20141367560656,0.0
1767678894.9410691,,,,0.001953125,-0.37841796875,0.911865234375,1.625,1.75,-0.75,23.8,-35.2,52.3,0.0,0.0,0.0,0.0,0.0,0.0,0.0,0.0,0.0,67.38523577164362,0.0
1767678894.959497,,,,0.0,-0.373779296875,0.91455078125,1.3125,2.125,-0.5625,25.9,-35.4,52.5,0.0,0.0,0.0,0.0,0.0,0.0,0.0,0.0,0.0,68.41213342675405,0.0
1767678894.97947,,,,0.002197265625,-0.373046875,0.916259765625,1.6875,2.1875,-0.5625,25.8,-36.0,53.5,0.0,0.0,0.0,0.0,0.0,0.0,0.0,0.0,0.0,69.45422953283695,0.0
1767678894.9991648,,,,-0.003173828125,-0.37255859375,0.916015625,2.125,1.875,-0.3125,24.0,-33.9,53.7,0.0,0.0,0.0,0.0,0.0,0.0,0.0,0.0,0.0,67.888879796326,0.0
1767678895.019991,,,,0.0009765625,-0.374267578125,0.918701171875,1.625,2.25,-0.625,24.7,-34.3,52.5,0.0,0.0,0.0,0.0,0.0,0.0,0.0,0.0,0.0,67.4005192858334,0.0
1767678895.043071,,,,0.000244140625,-0.3779296875,0.911865234375,1.8125,1.8125,-0.625,25.0,-34.8,52.8,0.0,0.0,0.0,0.0,0.0,0.0,0.0,0.0,0.0,67.99911764133414,0.0
1767678895.060212,,,,0.001953125,-0.3798828125,0.911376953125,1.75,1.625,-0.875,26.2,-35.1,52.9,0.0,0.0,0.0,0.0,0.0,0.0,0.0,0.0,0.0,68.67940011386237,0.0
1767678895.080141,,,,0.00341796875,-0.37744140625,0.91015625,1.625,2.125,-0.4375,25.3,-34.5,52.8,0.0,0.0,0.0,0.0,0.0,0.0,0.0,0.0,0.0,67.95719240816236,0.0
1767678895.100322,,,,0.062255859375,-0.374755859375,0.915771484375,1.5,2.125,-0.75,23.2,-34.6,52.9,0.0,0.0,0.0,0.0,0.0,0.0,0.0,0.0,0.0,67.33357260683559,0.0
1767678895.119692,,,,-0.004638671875,-0.3779296875,0.916259765625,1.75,2.625,-0.5625,25.0,-35.2,52.3,0.0,0.0,0.0,0.0,0.0,0.0,0.0,0.0,0.0,67.81836034585325,0.0
1767678895.1423411,,,,0.00048828125,-0.377685546875,0.912841796875,2.0,1.5,-0.6875,25.9,-35.1,52.2,0.0,0.0,0.0,0.0,0.0,0.0,0.0,0.0,0.0,68.02690644149563,0.0
1767678895.158947,,,,0.00439453125,-0.375,0.922607421875,2.3125,2.0,-0.4375,25.9,-34.3,50.7,0.0,0.0,0.0,0.0,0.0,0.0,0.0,0.0,0.0,66.46645770612422,0.0
1767678895.179626,,,,-0.00048828125,-0.36962890625,0.9169921875,1.875,1.75,-0.5,27.0,-35.4,52.5,0.0,0.0,0.0,0.0,0.0,0.0,0.0,0.0,0.0,68.83610970994802,0.0
1767678895.199532,,,,0.00146484375,-0.375,0.9228515625,2.1875,2.0,-1.0625,25.0,-35.5,52.0,0.0,0.0,0.0,0.0,0.0,0.0,0.0,0.0,0.0,67.74400342465745,0.0
1767678895.2192562,,,,0.009765625,-0.365966796875,0.921875,2.125,2.0625,-0.3125,24.6,-34.5,52.3,0.0,0.0,0.0,0.0,0.0,0.0,0.0,0.0,0.0,67.31047466776623,0.0
1767678895.239664,,,,0.005859375,-0.362060546875,0.924560546875,1.375,2.25,-0.0625,25.9,-35.1,53.2,0.0,0.0,0.0,0.0,0.0,0.0,0.0,0.0,0.0,68.79723831666502,0.0
1767678895.2605429,,,,0.00244140625,-0.371826171875,0.92138671875,1.1875,2.125,-0.3125,26.1,-34.8,52.8,0.0,0.0,0.0,0.0,0.0,0.0,0.0,0.0,0.0,68.41118329630031,0.0
1767678895.278975,,,,0.0009765625,-0.3818359375,0.90380859375,1.25,2.3125,-0.375,27.9,-34.6,52.9,0.0,0.0,0.0,0.0,0.0,0.0,0.0,0.0,0.0,69.09399395027037,0.0
1767678895.300286,,,,0.062255859375,-0.37255859375,0.920654296875,1.5,2.125,-0.1875,24.6,-35.2,52.0,0.0,0.0,0.0,0.0,0.0,0.0,0.0,0.0,0.0,67.44034400861254,0.0
1767678895.319051,,,,0.000244140625,-0.37158203125,0.91748046875,1.5625,2.1875,-0.875,25.0,-36.0,53.1,0.0,0.0,0.0,0.0,0.0,0.0,0.0,0.0,0.0,68.85208784052958,0.0
1767678895.339221,,,,0.002685546875,-0.37548828125,0.916259765625,1.1875,2.0625,-0.5,25.0,-35.2,52.0,0.0,0.0,0.0,0.0,0.0,0.0,0.0,0.0,0.0,67.58727690919349,0.0
1767678895.3599339,,,,0.000244140625,-0.373046875,0.915771484375,1.25,1.75,-0.3125,25.0,-34.8,52.3,0.0,0.0,0.0,0.0,0.0,0.0,0.0,0.0,0.0,67.6116114288071,0.0
1767678895.380321,,,,-0.00244140625,-0.375,0.91943359375,1.75,2.125,-0.3125,25.2,-35.4,53.2,0.0,0.0,0.0,0.0,0.0,0.0,0.0,0.0,0.0,68.69090187208201,0.0
1767678895.40011,,,,-0.000732421875,-0.378173828125,0.91162109375,1.5625,2.1875,-0.5,25.5,-35.1,52.2,0.0,0.0,0.0,0.0,0.0,0.0,0.0,0.0,0.0,67.87562154411553,0.0
1767678895.419959,,,,0.001953125,-0.3779296875,0.913818359375,1.0625,2.1875,-0.375,24.7,-35.8,53.7,0.0,0.0,0.0,0.0,0.0,0.0,0.0,0.0,0.0,69.10441375194496,0.0
1767678895.4401898,,,,-0.001708984375,-0.37255859375,0.918701171875,1.375,2.1875,-0.125,25.3,-34.8,52.0,0.0,0.0,0.0,0.0,0.0,0.0,0.0,0.0,0.0,67.49170319380005,0.0
1767678895.460163,,,,0.00146484375,-0.376708984375,0.91748046875,1.5,2.8125,-0.0625,25.9,-36.1,53.2,0.0,0.0,0.0,0.0,0.0,0.0,0.0,0.0,0.0,69.3127693863115,0.0
1767678895.479109,,,,0.003173828125,-0.379638671875,0.907958984375,1.75,2.125,-0.5625,25.9,-35.1,53.2,0.0,0.0,0.0,0.0,0.0,0.0,0.0,0.0,0.0,68.79723831666502,0.0
1767678895.4994829,,,,-0.00341796875,-0.375732421875,0.9130859375,1.8125,2.5,-0.75,25.3,-34.5,53.1,0.0,0.0,0.0,0.0,0.0,0.0,0.0,0.0,0.0,68.1905418661562,0.0
1767678895.519885,,,,-0.0009765625,-0.37353515625,0.91064453125,1.75,2.4375,-0.4375,25.0,-34.5,53.8,0.0,0.0,0.0,0.0,0.0,0.0,0.0,0.0,0.0,68.62718120395154,0.0
1767678895.539225,,,,0.00341796875,-0.372802734375,0.9208984375,1.8125,1.9375,-0.125,26.5,-34.0,52.8,0.0,0.0,0.0,0.0,0.0,0.0,0.0,0.0,0.0,68.16223294464464,0.0
1767678895.560192,,,,0.001953125,-0.374755859375,0.91162109375,1.875,1.875,-0.5625,27.9,-34.3,52.9,0.0,0.0,0.0,0.0,0.0,0.0,0.0,0.0,0.0,68.94425284242334,0.0
1767678895.5796669,,,,-0.00048828125,-0.37158203125,0.9208984375,1.875,1.9375,-0.375,25.0,-35.2,52.3,0.0,0.0,0.0,0.0,0.0,0.0,0.0,0.0,0.0,67.81836034585325,0.0
1767678895.6020238,,,,0.000244140625,-0.3720703125,0.915771484375,1.625,2.1875,-0.5,25.2,-35.4,53.7,0.0,0.0,0.0,0.0,0.0,0.0,0.0,0.0,0.0,69.07886796987918,0.0
1767678895.619572,,,,0.001220703125,-0.371337890625,0.922119140625,1.5,2.25,-0.5625,24.6,-34.8,52.8,0.0,0.0,0.0,0.0,0.0,0.0,0.0,0.0,0.0,67.85307656989474,0.0
1767678895.6397161,,,,-0.003662109375,-0.375732421875,0.90966796875,1.5625,2.1875,-0.125,26.8,-34.5,53.1,0.0,0.0,0.0,0.0,0.0,0.0,0.0,0.0,0.0,68.76118090899836,0.0
1767678895.660268,,,,-0.000244140625,-0.374267578125,0.9150390625,1.5625,1.9375,-0.625,25.5,-33.6,52.2,0.0,0.0,0.0,0.0,0.0,0.0,0.0,0.0,0.0,67.11221945368817,0.0
1767678895.679086,,,,-0.000244140625,-0.380126953125,0.912841796875,1.75,1.875,-0.0625,25.0,-34.8,52.3,0.0,0.0,0.0,0.0,0.0,0.0,0.0,0.0,0.0,67.6116114288071,0.0
1767678895.699307,,,,-0.002685546875,-0.3740234375,0.91162109375,1.9375,2.3125,-0.8125,25.8,-35.5,52.8,0.0,0.0,0.0,0.0,0.0,0.0,0.0,0.0,0.0,68.65660929582818,0.0
1767678895.721992,,,,-0.0029296875,-0.3740234375,0.914306640625,1.9375,2.5,-0.75,24.3,-34.5,53.1,0.0,0.0,0.0,0.0,0.0,0.0,0.0,0.0,0.0,67.82588001640671,0.0
1767678895.7394922,,,,0.005126953125,-0.376220703125,0.915771484375,1.4375,2.0625,-0.375,25.5,-36.1,52.9,0.0,0.0,0.0,0.0,0.0,0.0,0.0,0.0,0.0,68.93380883137098,0.0
1767678895.759845,,,,0.00048828125,-0.375,0.912109375,1.3125,2.0,-0.875,25.9,-34.3,53.2,0.0,0.0,0.0,0.0,0.0,0.0,0.0,0.0,0.0,68.39254345321572,0.0
1767678895.7792242,,,,0.006103515625,-0.369140625,0.917236328125,2.25,1.9375,-0.6875,25.8,-34.8,52.0,0.0,0.0,0.0,0.0,0.0,0.0,0.0,0.0,0.0,67.6807210363483,0.0
1767678895.8001668,,,,0.0,-0.3720703125,0.92041015625,2.375,2.25,-0.625,25.0,-33.7,53.5,0.0,0.0,0.0,0.0,0.0,0.0,0.0,0.0,0.0,67.99220543562329,0.0
1767678895.822627,,,,0.0078125,-0.37255859375,0.9169921875,1.6875,1.8125,-0.625,25.5,-35.8,53.7,0.0,0.0,0.0,0.0,0.0,0.0,0.0,0.0,0.0,69.39438017591914,0.0
1767678895.8391738,,,,0.00048828125,-0.373046875,0.92041015625,1.6875,2.25,-0.3125,24.7,-35.1,52.9,0.0,0.0,0.0,0.0,0.0,0.0,0.0,0.0,0.0,68.1212888897443,0.0
1767678895.859433,,,,0.00146484375,-0.377197265625,0.916748046875,1.875,2.0,-0.125,24.7,-35.8,53.7,0.0,0.0,0.0,0.0,0.0,0.0,0.0,0.0,0.0,69.10441375194496,0.0
1767678895.879379,,,,0.00341796875,-0.37353515625,0.915283203125,1.875,2.3125,-0.1875,26.5,-34.5,52.0,0.0,0.0,0.0,0.0,0.0,0.0,0.0,0.0,0.0,67.79749257900325,0.0
1767678895.8996742,,,,0.001220703125,-0.370849609375,0.918701171875,1.5625,1.5625,-0.3125,27.0,-36.1,51.7,0.0,0.0,0.0,0.0,0.0,0.0,0.0,0.0,0.0,68.59373149202484,0.0
1767678895.922922,,,,-0.01171875,-0.373046875,0.91455078125,1.6875,1.8125,15.9375,24.6,-34.8,53.1,0.0,0.0,0.0,0.0,0.0,0.0,0.0,0.0,0.0,68.08678285834924,0.0
1767678895.9399521,,,,0.00927734375,-0.371826171875,0.894287109375,0.5,2.0625,-1.0,24.3,-36.4,54.3,0.0,0.0,0.0,0.0,0.0,0.0,0.0,0.0,0.0,69.74195294082321,0.0
1767678895.959295,,,,-0.020263671875,-0.391845703125,0.921875,2.4375,1.5625,-0.9375,24.7,-35.4,52.2,0.0,0.0,0.0,0.0,0.0,0.0,0.0,0.0,0.0,67.73544124016614,0.0
1767678895.9801128,,,,0.00390625,-0.383056640625,0.882568359375,3.375,1.8125,-0.875,26.1,-34.8,54.3,0.0,0.0,0.0,0.0,0.0,0.0,0.0,0.0,0.0,69.57542669649968,0.0
1767678895.999712,,,,0.006103515625,-0.373046875,0.920166015625,3.0625,1.8125,-0.875,24.4,-33.9,50.2,0.0,0.0,0.0,0.0,0.0,0.0,0.0,0.0,0.0,65.3039815018962,0.0
1767678896.01948,,,,-0.00732421875,-0.377197265625,0.916259765625,3.0,1.375,-0.8125,25.2,-35.4,52.2,0.0,0.0,0.0,0.0,0.0,0.0,0.0,0.0,0.0,67.91936395461902,0.0
1767678896.041739,,,,0.004638671875,-0.383056640625,0.91015625,2.9375,0.9375,-0.625,24.7,-34.6,52.9,0.0,0.0,0.0,0.0,0.0,0.0,0.0,0.0,0.0,67.86501307743188,0.0
1767678896.0591319,,,,-0.062255859375,-0.37548828125,0.9150390625,3.4375,0.4375,-0.1875,25.2,-35.8,52.5,0.0,0.0,0.0,0.0,0.0,0.0,0.0,0.0,0.0,68.35883264070561,0.0
1767678896.0789251,,,,0.01953125,-0.3701171875,0.913818359375,3.25,1.3125,-0.4375,25.2,-35.1,52.9,0.0,0.0,0.0,0.0,0.0,0.0,0.0,0.0,0.0,68.30417263974435,0.0
1767678896.099954,,,,0.02783203125,-0.33984375,0.935546875,3.8125,2.3125,-0.25,25.0,-35.5,51.6,0.0,0.0,0.0,0.0,0.0,0.0,0.0,0.0,0.0,67.43745250230023,0.0
1767678896.1191092,,,,0.006591796875,-0.331298828125,0.957275390625,2.125,2.875,-0.1875,25.9,-36.1,51.7,0.0,0.0,0.0,0.0,0.0,0.0,0.0,0.0,0.0,68.1682477404253,0.0
1767678896.142368,,,,0.0126953125,-0.348388671875,0.94189453125,-0.625,1.875,-0.6875,23.8,-33.7,53.5,0.0,0.0,0.0,0.0,0.0,0.0,0.0,0.0,0.0,67.56019538160025,0.0
1767678896.160151,,,,0.00048828125,-0.39697265625,0.897216796875,-1.25,2.375,-0.5,24.6,-34.5,53.1,0.0,0.0,0.0,0.0,0.0,0.0,0.0,0.0,0.0,67.93393849910368,0.0
1767678896.179971,,,,-0.0048828125,-0.412109375,0.87109375,1.5,2.25,-0.125,24.7,-36.1,52.9,0.0,0.0,0.0,0.0,0.0,0.0,0.0,0.0,0.0,68.641896826938,0.0
1767678896.200107,,,,0.00244140625,-0.390869140625,0.902587890625,3.4375,2.4375,-0.5,25.0,-34.8,53.1,0.0,0.0,0.0,0.0,0.0,0.0,0.0,0.0,0.0,68.23232371830817,0.0
1767678896.219788,,,,0.006591796875,-0.378662109375,0.908447265625,3.4375,1.75,-0.0625,26.8,-35.2,53.8,0.0,0.0,0.0,0.0,0.0,0.0,0.0,0.0,0.0,69.65428917159373,0.0
1767678896.239732,,,,-0.00341796875,-0.38427734375,0.90771484375,3.625,2.0625,15.75,24.3,-34.0,53.1,0.0,0.0,0.0,0.0,0.0,0.0,0.0,0.0,0.0,67.57292357150163,0.0
1767678896.259938,,,,-0.00048828125,-0.376708984375,0.912109375,4.875,1.5,0.0,26.2,-35.1,51.7,0.0,0.0,0.0,0.0,0.0,0.0,0.0,0.0,0.0,67.75942738837158,0.0
1767678896.280062,,,,0.0,-0.35498046875,0.92626953125,4.25,1.6875,-0.0625,25.3,-36.4,52.3,0.0,0.0,0.0,0.0,0.0,0.0,0.0,0.0,0.0,68.55902566402179,0.0
1767678896.299627,,,,-0.0009765625,-0.346435546875,0.937255859375,4.0625,2.5625,-0.125,26.5,-36.7,52.8,0.0,0.0,0.0,0.0,0.0,0.0,0.0,0.0,0.0,69.54840041294983,0.0
1767678896.3201401,,,,0.0107421875,-0.329345703125,0.954833984375,2.4375,1.8125,-0.1875,26.5,-36.4,53.8,0.0,0.0,0.0,0.0,0.0,0.0,0.0,0.0,0.0,70.15447241623302,0.0
1767678896.340513,,,,-0.015869140625,-0.410888671875,0.92236328125,-3.5,3.5625,2.25,27.0,-34.3,52.2,0.0,0.0,0.0,0.0,0.0,0.0,0.0,0.0,0.0,68.0465281994607,0.0
1767678896.362198,,,,-0.0078125,-0.421630859375,0.8369140625,-10.0,4.5,3.8125,25.2,-35.1,52.9,0.0,0.0,0.0,0.0,0.0,0.0,0.0,0.0,0.0,68.30417263974435,0.0
1767678896.380526,,,,-0.275634765625,-0.419677734375,0.79052734375,47.75,-12.6875,-21.9375,26.1,-34.8,53.1,0.0,0.0,0.0,0.0,0.0,0.0,0.0,0.0,0.0,68.64298944539055,0.0
1767678896.400337,,,,0.1201171875,-0.29931640625,1.195556640625,54.4375,-17.9375,-38.625,25.5,-35.1,52.5,0.0,0.0,0.0,0.0,0.0,0.0,0.0,0.0,0.0,68.10660760895378,0.0
1767678896.4182022,,,,-0.009765625,-0.521240234375,1.04248046875,3.5625,-13.5625,-29.5,26.1,-34.5,52.8,0.0,0.0,0.0,0.0,0.0,0.0,0.0,0.0,0.0,68.25906533201285,0.0
1767678896.443203,,,,-0.184326171875,-0.610107421875,1.126953125,-29.5625,-14.125,-78.5,27.0,-33.6,52.9,0.0,0.0,0.0,0.0,0.0,0.0,0.0,0.0,0.0,68.23759960608227,0.0
1767678896.4608572,,,,-0.026611328125,-0.684814453125,0.981201171875,-61.9375,-45.8125,-124.75,27.0,-34.6,53.2,0.0,0.0,0.0,0.0,0.0,0.0,0.0,0.0,0.0,68.9666586112449,0.0
1767678896.481576,,,,0.146240234375,-0.8486328125,1.20458984375,-38.9375,-54.875,-155.125,27.0,-35.8,52.5,0.0,0.0,0.0,0.0,0.0,0.0,0.0,0.0,0.0,69.0426679669898,0.0
1767678896.500556,,,,0.279052734375,-0.68359375,1.56884765625,-60.875,-113.6875,-187.3125,29.5,-36.0,53.1,0.0,0.0,0.0,0.0,0.0,0.0,0.0,0.0,0.0,70.61062243033976,0.0
1767678896.5208461,,,,0.116943359375,-0.18212890625,1.330322265625,-110.4375,-152.0,-138.375,31.8,-39.0,53.8,0.0,0.0,0.0,0.0,0.0,0.0,0.0,0.0,0.0,73.66600301360187,0.0
1767678896.540729,,,,0.1630859375,-0.35693359375,0.942138671875,-109.0,-169.9375,-98.375,36.0,-38.7,49.0,0.0,0.0,0.0,0.0,0.0,0.0,0.0,0.0,0.0,72.07419787968507,0.0
1767678896.560413,,,,0.223876953125,-0.61328125,0.509521484375,-27.1875,-147.875,-131.8125,38.2,-38.7,51.6,0.0,0.0,0.0,0.0,0.0,0.0,0.0,0.0,0.0,74.96325766667294,0.0
1767678896.580101,,,,0.367919921875,-1.1416015625,0.738525390625,50.1875,-111.9375,-214.4375,39.7,-38.2,49.8,0.0,0.0,0.0,0.0,0.0,0.0,0.0,0.0,0.0,74.26553709494061,0.0
1767678896.602296,,,,0.36865234375,-0.7412109375,1.0888671875,94.5625,-128.5625,-314.0,44.5,-35.8,48.4,0.0,0.0,0.0,0.0,0.0,0.0,0.0,0.0,0.0,74.8628746442454,0.0
1767678896.6198049,,,,0.427734375,-0.0458984375,0.998779296875,117.4375,-119.875,-254.3125,44.4,-33.7,49.0,0.0,0.0,0.0,0.0,0.0,0.0,0.0,0.0,0.0,74.2162381153882,0.0
1767678896.643743,,,,0.51171875,0.127197265625,0.760009765625,133.625,-78.625,-181.5625,49.0,-28.9,46.2,0.0,0.0,0.0,0.0,0.0,0.0,0.0,0.0,0.0,73.28471873453564,0.0
1767678896.660501,,,,0.52001953125,0.10546875,0.7021484375,159.0,-86.3125,-172.75,48.6,-25.3,47.4,0.0,0.0,0.0,0.0,0.0,0.0,0.0,0.0,0.0,72.44867148540406,0.0
1767678896.6800199,,,,0.59619140625,-0.05322265625,0.724609375,206.1875,-100.875,-181.875,48.3,-22.2,44.7,0.0,0.0,0.0,0.0,0.0,0.0,0.0,0.0,0.0,69.45372560201504,0.0
1767678896.700531,,,,0.515380859375,-0.104248046875,0.31005859375,314.5,-103.9375,-221.3125,48.3,-14.5,42.0,0.0,0.0,0.0,0.0,0.0,0.0,0.0,0.0,0.0,65.62880465161619,0.0
1767678896.722356,,,,0.656982421875,0.08447265625,0.227294921875,454.25,-78.9375,-225.625,48.6,-9.0,39.1,0.0,0.0,0.0,0.0,0.0,0.0,0.0,0.0,0.0,63.021980292593156,0.0
1767678896.7400022,,,,0.63916015625,0.50341796875,0.54638671875,492.5,-107.375,-203.8125,49.0,0.9,33.3,0.0,0.0,0.0,0.0,0.0,0.0,0.0,0.0,0.0,59.251160326191076,0.0
1767678896.75986,,,,0.08056640625,0.748291015625,0.940185546875,433.6875,-116.25,-210.5625,46.9,8.7,25.2,0.0,0.0,0.0,0.0,0.0,0.0,0.0,0.0,0.0,53.9475671369896,0.0
1767678896.7794151,,,,0.628173828125,0.366455078125,0.110595703125,364.5,-75.0625,-215.375,45.1,14.7,17.7,0.0,0.0,0.0,0.0,0.0,0.0,0.0,0.0,0.0,50.62993185853602,0.0
1767678896.800086,,,,0.38037109375,0.326904296875,-0.052001953125,307.9375,-21.0,-210.5625,40.8,18.3,10.3,0.0,0.0,0.0,0.0,0.0,0.0,0.0,0.0,0.0,45.88703520603614,0.0
1767678896.818055,,,,0.36767578125,0.672119140625,-0.05029296875,235.125,29.3125,-189.375,37.2,19.6,4.5,0.0,0.0,0.0,0.0,0.0,0.0,0.0,0.0,0.0,42.287705068967746,0.0
1767678896.841072,,,,0.48291015625,0.80859375,0.089599609375,108.9375,53.0625,-109.9375,33.3,20.8,0.3,0.0,0.0,0.0,0.0,0.0,0.0,0.0,0.0,0.0,39.26346902656463,0.0
1767678896.859655,,,,0.42041015625,0.780029296875,0.01123046875,-6.6875,78.25,-73.1875,33.9,21.0,0.4,0.0,0.0,0.0,0.0,0.0,0.0,0.0,0.0,0.0,39.87944332610474,0.0
1767678896.8787441,,,,0.282958984375,1.03466796875,0.1083984375,-100.5,97.8125,-49.4375,31.6,19.5,-0.4,0.0,0.0,0.0,0.0,0.0,0.0,0.0,0.0,0.0,37.13448532025185,0.0
1767678896.899874,,,,0.216064453125,0.78369140625,0.102294921875,-114.125,108.0625,-63.125,29.8,20.8,4.5,0.0,0.0,0.0,0.0,0.0,0.0,0.0,0.0,0.0,36.61871106415408,0.0
1767678896.9196951,,,,0.32861328125,0.671142578125,0.166748046875,-143.4375,137.4375,-75.1875,28.6,20.5,5.7,0.0,0.0,0.0,0.0,0.0,0.0,0.0,0.0,0.0,35.64687924629588,0.0
1767678896.941781,,,,0.419189453125,0.869140625,0.34716796875,-191.5,174.3125,-35.375,26.1,21.1,9.7,0.0,0.0,0.0,0.0,0.0,0.0,0.0,0.0,0.0,34.93579825909235,0.0
1767678896.960223,,,,0.398681640625,0.902099609375,0.62939453125,-270.125,188.1875,42.625,25.3,19.6,14.7,0.0,0.0,0.0,0.0,0.0,0.0,0.0,0.0,0.0,35.21846106802511,0.0
1767678896.979906,,,,0.350341796875,0.7197265625,0.936767578125,-370.375,187.125,105.0625,25.3,15.1,19.2,0.0,0.0,0.0,0.0,0.0,0.0,0.0,0.0,0.0,35.16731437002263,0.0
1767678896.9994571,,,,0.26171875,0.57275390625,0.713623046875,-408.3125,217.0,177.5,26.5,14.4,23.7,0.0,0.0,0.0,0.0,0.0,0.0,0.0,0.0,0.0,38.3575285960918,0.0
1767678897.0205371,,,,0.01220703125,0.11083984375,0.85205078125,-392.625,213.5625,147.375,24.7,8.1,31.0,0.0,0.0,0.0,0.0,0.0,0.0,0.0,0.0,0.0,40.45614909998231,0.0
1767678897.042728,,,,0.183349609375,0.359619140625,0.796630859375,-357.875,172.6875,86.125,25.8,6.4,36.9,0.0,0.0,0.0,0.0,0.0,0.0,0.0,0.0,0.0,45.47757689235433,0.0
1767678897.0605462,,,,0.230712890625,0.2646484375,0.956298828125,-338.1875,172.5,90.9375,23.4,-1.8,41.8,0.0,0.0,0.0,0.0,0.0,0.0,0.0,0.0,0.0,47.937876465275345,0.0
1767678897.079308,,,,0.09814453125,0.000244140625,1.2041015625,-336.1875,193.25,32.375,22.6,-6.7,44.8,0.0,0.0,0.0,0.0,0.0,0.0,0.0,0.0,0.0,50.62301847973903,0.0
1767678897.100568,,,,0.260986328125,0.008544921875,1.358154296875,-338.0,161.875,54.0625,18.7,-11.1,50.2,0.0,0.0,0.0,0.0,0.0,0.0,0.0,0.0,0.0,54.70776910092387,0.0
1767678897.1203358,,,,0.06884765625,-0.012451171875,1.4169921875,-389.5625,122.5,89.3125,16.8,-16.8,51.0,0.0,0.0,0.0,0.0,0.0,0.0,0.0,0.0,0.0,56.26259858911602,0.0
1767678897.1398451,,,,0.07568359375,-0.1826171875,1.118408203125,-396.0,107.3125,75.0625,15.3,-26.7,52.9,0.0,0.0,0.0,0.0,0.0,0.0,0.0,0.0,0.0,61.19959150190465,0.0
1767678897.1611378,,,,0.00732421875,-0.2041015625,0.892578125,-356.3125,99.4375,67.25,13.3,-31.6,53.2,0.0,0.0,0.0,0.0,0.0,0.0,0.0,0.0,0.0,63.29052061722988,0.0
1767678897.180415,,,,-0.09228515625,-0.322021484375,0.60205078125,-277.9375,119.5625,57.0625,10.2,-39.0,50.1,0.0,0.0,0.0,0.0,0.0,0.0,0.0,0.0,0.0,64.30435444042651,0.0
1767678897.19996,,,,-0.040771484375,-0.477294921875,0.916259765625,-155.4375,79.125,39.5625,8.2,-41.7,50.8,0.0,0.0,0.0,0.0,0.0,0.0,0.0,0.0,0.0,66.23269585333215,0.0
1767678897.219466,,,,-0.01416015625,-0.427978515625,0.93603515625,-103.125,58.5,36.8125,8.7,-45.4,48.6,0.0,0.0,0.0,0.0,0.0,0.0,0.0,0.0,0.0,67.07316900221727,0.0
1767678897.2376351,,,,0.067626953125,-0.363525390625,0.946533203125,-51.25,47.25,64.0,3.9,-44.8,46.2,0.0,0.0,0.0,0.0,0.0,0.0,0.0,0.0,0.0,64.47239719445834,0.0
1767678897.258867,,,,-0.041259765625,-0.531005859375,0.90869140625,-5.5625,43.9375,68.75,3.3,-47.7,46.3,0.0,0.0,0.0,0.0,0.0,0.0,0.0,0.0,0.0,66.55726857376285,0.0
1767678897.2807198,,,,-0.228759765625,-0.595458984375,1.00830078125,19.5,11.8125,46.8125,3.6,-46.8,47.7,0.0,0.0,0.0,0.0,0.0,0.0,0.0,0.0,0.0,66.92152120207669,0.0
1767678897.2996302,,,,-0.144287109375,-0.62646484375,0.803466796875,28.3125,-17.625,33.75,4.8,-47.4,47.1,0.0,0.0,0.0,0.0,0.0,0.0,0.0,0.0,0.0,66.99410421820714,0.0
1767678897.319699,,,,-0.31591796875,-0.535888671875,0.8642578125,24.5625,-31.625,29.5625,3.6,-45.7,47.2,0.0,0.0,0.0,0.0,0.0,0.0,0.0,0.0,0.0,65.79734037178099,0.0
1767678897.340029,,,,-0.16943359375,-0.487060546875,0.550537109375,55.0625,-40.0,15.3125,2.4,-44.5,45.7,0.0,0.0,0.0,0.0,0.0,0.0,0.0,0.0,0.0,63.83181025162924,0.0
1767678897.3602118,,,,-0.2216796875,-0.47509765625,0.31103515625,179.5625,-32.375,-5.9375,4.0,-45.1,47.8,0.0,0.0,0.0,0.0,0.0,0.0,0.0,0.0,0.0,65.83957776292311,0.0
1767678897.381591,,,,-0.3505859375,-0.32666015625,0.838623046875,318.75,-65.75,-45.5625,4.8,-41.7,47.8,0.0,0.0,0.0,0.0,0.0,0.0,0.0,0.0,0.0,63.61422796827766,0.0
1767678897.399728,,,,-0.393798828125,-0.1142578125,1.304931640625,336.5625,-134.1875,-75.75,5.1,-34.6,50.7,0.0,0.0,0.0,0.0,0.0,0.0,0.0,0.0,0.0,61.592694371978894,0.0
1767678897.4205272,,,,-0.204345703125,-0.307373046875,0.9287109375,294.5,-165.8125,-52.875,7.5,-29.5,50.1,0.0,0.0,0.0,0.0,0.0,0.0,0.0,0.0,0.0,58.621753641459755,0.0
1767678897.443507,,,,-0.1591796875,-0.48486328125,0.73095703125,283.0,-108.6875,-43.1875,11.2,-26.8,50.1,0.0,0.0,0.0,0.0,0.0,0.0,0.0,0.0,0.0,57.91105248568705,0.0
1767678897.460642,,,,-0.089599609375,-0.382080078125,0.854248046875,208.3125,-39.4375,-42.125,11.8,-17.5,50.2,0.0,0.0,0.0,0.0,0.0,0.0,0.0,0.0,0.0,54.456680031011814,0.0
1767678897.4831328,,,,-0.120849609375,-0.408203125,1.154541015625,136.125,-11.9375,-57.3125,12.6,-16.5,49.5,0.0,0.0,0.0,0.0,0.0,0.0,0.0,0.0,0.0,53.67736953316547,0.0
1767678897.4994938,,,,0.016357421875,-0.3564453125,0.8662109375,61.5,-5.125,-78.75,12.3,-13.8,48.0,0.0,0.0,0.0,0.0,0.0,0.0,0.0,0.0,0.0,51.43666007819714,0.0
1767678897.51965,,,,-0.010498046875,-0.00341796875,0.836669921875,48.1875,48.8125,-70.9375,13.8,-13.0,48.7,0.0,0.0,0.0,0.0,0.0,0.0,0.0,0.0,0.0,52.2602143126107,0.0
1767678897.540586,,,,-0.009765625,0.02294921875,0.996337890625,46.0625,56.4375,-69.25,11.5,-11.8,47.7,0.0,0.0,0.0,0.0,0.0,0.0,0.0,0.0,0.0,50.46563186961995,0.0
1767678897.5603268,,,,0.088134765625,0.181640625,1.1201171875,47.3125,23.125,-77.0625,9.3,-11.5,46.2,0.0,0.0,0.0,0.0,0.0,0.0,0.0,0.0,0.0,48.50958668139732,0.0
1767678897.5799959,,,,0.04443359375,0.261962890625,1.000244140625,26.0,13.0625,-53.5625,8.2,-11.7,45.1,0.0,0.0,0.0,0.0,0.0,0.0,0.0,0.0,0.0,47.308984347584556,0.0
1767678897.599916,,,,-0.04443359375,0.267333984375,0.857666015625,3.9375,16.625,-26.5,8.7,-10.9,47.1,0.0,0.0,0.0,0.0,0.0,0.0,0.0,0.0,0.0,49.12138027376674,0.0
1767678897.619731,,,,-0.067138671875,0.162353515625,0.850830078125,-4.125,17.0,-11.75,8.8,-10.8,46.2,0.0,0.0,0.0,0.0,0.0,0.0,0.0,0.0,0.0,48.25474069974887,0.0
1767678897.639631,,,,-0.07470703125,0.148193359375,0.8330078125,-10.375,32.625,0.5,8.2,-11.7,46.3,0.0,0.0,0.0,0.0,0.0,0.0,0.0,0.0,0.0,48.454308373972275,0.0
1767678897.659384,,,,-0.123291015625,0.07861328125,0.871826171875,-29.1875,54.625,19.25,9.6,-11.5,45.7,0.0,0.0,0.0,0.0,0.0,0.0,0.0,0.0,0.0,48.092618976304465,0.0
1767678897.680201,,,,-0.140380859375,-0.018798828125,0.959716796875,-16.25,67.8125,16.5625,8.7,-11.2,46.6,0.0,0.0,0.0,0.0,0.0,0.0,0.0,0.0,0.0,48.71026585844097,0.0
1767678897.698467,,,,-0.1298828125,-0.005615234375,1.07421875,-29.875,75.1875,9.4375,6.6,-11.5,45.4,0.0,0.0,0.0,0.0,0.0,0.0,0.0,0.0,0.0,47.29661721518781,0.0
1767678897.7202291,,,,-0.109619140625,0.090087890625,1.9072265625,-76.6875,14.375,4.1875,4.0,-12.9,45.9,0.0,0.0,0.0,0.0,0.0,0.0,0.0,0.0,0.0,47.84579396352411,0.0
1767678897.738265,,,,-0.107421875,0.018798828125,1.006591796875,-149.5,-51.75,9.3125,5.1,-14.5,47.2,0.0,0.0,0.0,0.0,0.0,0.0,0.0,0.0,0.0,49.63970185244872,0.0
1767678897.75975,,,,-0.150146484375,-0.073974609375,1.131103515625,-140.625,-13.5625,23.125,8.1,-16.0,46.5,0.0,0.0,0.0,0.0,0.0,0.0,0.0,0.0,0.0,49.838338656098884,0.0
1767678897.78037,,,,-0.156982421875,-0.12646484375,1.0361328125,-124.6875,-28.1875,18.625,6.7,-19.3,48.6,0.0,0.0,0.0,0.0,0.0,0.0,0.0,0.0,0.0,52.71944612759129,0.0
1767678897.799734,,,,-0.1337890625,-0.115478515625,0.9609375,-99.4375,-17.0,9.9375,8.4,-23.2,48.0,0.0,0.0,0.0,0.0,0.0,0.0,0.0,0.0,0.0,53.97036223706489,0.0
1767678897.822012,,,,-0.15966796875,-0.126708984375,0.97412109375,-85.3125,-25.75,-1.5,7.5,-24.6,49.8,0.0,0.0,0.0,0.0,0.0,0.0,0.0,0.0,0.0,56.048639590983825,0.0
1767678897.8436081,,,,-0.10986328125,-0.21630859375,0.96826171875,-55.25,-20.5,-1.375,9.7,-24.3,51.3,0.0,0.0,0.0,0.0,0.0,0.0,0.0,0.0,0.0,57.58706451973394,0.0
1767678897.860777,,,,-0.25,-0.2744140625,1.788818359375,-95.9375,10.0625,-8.4375,8.2,-24.6,49.3,0.0,0.0,0.0,0.0,0.0,0.0,0.0,0.0,0.0,55.70359054854543,0.0
1767678897.879987,,,,0.093994140625,-0.287841796875,1.07373046875,-217.0,-13.25,-7.0,10.3,-29.7,51.0,0.0,0.0,0.0,0.0,0.0,0.0,0.0,0.0,0.0,59.90976548109665,0.0
1767678897.898807,,,,0.119384765625,-0.030517578125,0.7158203125,-277.0,-34.5625,19.875,7.6,-32.4,50.2,0.0,0.0,0.0,0.0,0.0,0.0,0.0,0.0,0.0,60.2292287847022,0.0
1767678897.9224498,,,,-0.2109375,-0.370849609375,0.910888671875,-225.1875,-124.25,72.3125,9.7,-37.9,50.5,0.0,0.0,0.0,0.0,0.0,0.0,0.0,0.0,0.0,63.88074827363875,0.0
1767678897.939779,,,,-0.218505859375,-0.39306640625,0.542236328125,-92.3125,-121.4375,58.6875,12.9,-39.7,52.3,0.0,0.0,0.0,0.0,0.0,0.0,0.0,0.0,0.0,66.91629099105837,0.0
1767678897.9603,,,,-0.075439453125,-0.630615234375,0.468017578125,0.5625,-14.6875,28.9375,15.1,-42.4,50.8,0.0,0.0,0.0,0.0,0.0,0.0,0.0,0.0,0.0,67.87053852740524,0.0
1767678897.9781601,,,,-0.049072265625,-0.522216796875,0.768310546875,48.5,23.125,9.625,14.1,-43.0,52.5,0.0,0.0,0.0,0.0,0.0,0.0,0.0,0.0,0.0,69.31132663569497,0.0
1767678897.998013,,,,-0.025146484375,-0.440673828125,0.960205078125,51.3125,24.75,10.4375,13.9,-42.4,50.8,0.0,0.0,0.0,0.0,0.0,0.0,0.0,0.0,0.0,67.61368204734896,0.0
1767678898.018201,,,,-0.0947265625,-0.454345703125,1.057373046875,13.6875,8.0625,7.4375,14.1,-41.1,51.0,0.0,0.0,0.0,0.0,0.0,0.0,0.0,0.0,0.0,67.0001492535651,0.0
1767678898.0433762,,,,-0.077880859375,-0.440673828125,0.909423828125,-15.1875,-5.1875,-4.4375,14.1,-39.6,52.5,0.0,0.0,0.0,0.0,0.0,0.0,0.0,0.0,0.0,67.25488829817503,0.0
1767678898.060596,,,,-0.014404296875,-0.4814453125,0.823974609375,-9.8125,-4.0625,-5.375,13.2,-40.5,50.8,0.0,0.0,0.0,0.0,0.0,0.0,0.0,0.0,0.0,66.2957766377316,0.0
1767678898.080368,,,,-0.0078125,-0.47119140625,0.818359375,5.625,4.75,1.5625,13.2,-39.4,51.3,0.0,0.0,0.0,0.0,0.0,0.0,0.0,0.0,0.0,66.0173462053724,0.0
1767678898.100628,,,,-0.049072265625,-0.453857421875,0.89404296875,10.3125,7.625,2.5625,12.3,-41.8,51.0,0.0,0.0,0.0,0.0,0.0,0.0,0.0,0.0,0.0,67.07853606035242,0.0
1767678898.119468,,,,-0.064697265625,-0.4453125,0.917724609375,0.875,3.25,-0.0625,13.6,-41.2,52.0,0.0,0.0,0.0,0.0,0.0,0.0,0.0,0.0,0.0,67.72296508570783,0.0
1767678898.140827,,,,-0.042724609375,-0.455078125,0.873779296875,-1.9375,1.25,-1.125,12.1,-40.2,50.8,0.0,0.0,0.0,0.0,0.0,0.0,0.0,0.0,0.0,65.90212439671426,0.0
1767678898.160465,,,,-0.02880859375,-0.463134765625,0.862060546875,1.375,2.3125,15.9375,11.8,-41.8,49.9,0.0,0.0,0.0,0.0,0.0,0.0,0.0,0.0,0.0,66.15504515908064,0.0
1767678898.179858,,,,-0.034912109375,-0.4609375,0.880126953125,2.4375,2.625,0.5625,14.8,-41.5,51.0,0.0,0.0,0.0,0.0,0.0,0.0,0.0,0.0,0.0,67.39651326292778,0.0
1767678898.1999412,,,,-0.043701171875,-0.452392578125,0.885498046875,0.4375,2.4375,0.8125,13.2,-41.7,49.8,0.0,0.0,0.0,0.0,0.0,0.0,0.0,0.0,0.0,66.28099275056161,0.0
1767678898.2196999,,,,-0.041259765625,-0.45556640625,0.87841796875,0.875,3.3125,-0.0625,13.2,-39.7,50.8,0.0,0.0,0.0,0.0,0.0,0.0,0.0,0.0,0.0,65.81010560696586,0.0
1767678898.2434518,,,,-0.04833984375,-0.45947265625,0.884033203125,0.3125,2.5,0.1875,12.4,-40.5,51.6,0.0,0.0,0.0,0.0,0.0,0.0,0.0,0.0,0.0,66.75754638990261,0.0
1767678898.259423,,,,-0.0478515625,-0.44287109375,0.8876953125,1.75,3.4375,0.5,14.4,-40.2,53.1,0.0,0.0,0.0,0.0,0.0,0.0,0.0,0.0,0.0,68.13963604246797,0.0
1767678898.280065,,,,-0.046875,-0.46337890625,0.8955078125,-3.125,1.6875,-0.875,12.9,-41.7,50.8,0.0,0.0,0.0,0.0,0.0,0.0,0.0,0.0,0.0,66.97716028617518,0.0
1767678898.300522,,,,-0.02783203125,-0.4755859375,0.852783203125,-3.9375,0.6875,-1.0625,13.6,-40.9,51.6,0.0,0.0,0.0,0.0,0.0,0.0,0.0,0.0,0.0,67.2333994380769,0.0
1767678898.319402,,,,-0.035400390625,-0.48779296875,0.836669921875,-0.125,2.5625,-0.3125,14.1,-41.1,50.7,0.0,0.0,0.0,0.0,0.0,0.0,0.0,0.0,0.0,66.77207500145552,0.0
1767678898.339247,,,,-0.0322265625,-0.487548828125,0.848388671875,2.875,3.75,0.1875,14.4,-40.5,52.0,0.0,0.0,0.0,0.0,0.0,0.0,0.0,0.0,0.0,67.4656208746351,0.0
1767678898.3595881,,,,-0.040771484375,-0.470458984375,0.867919921875,3.25,3.375,0.5,13.8,-41.8,51.4,0.0,0.0,0.0,0.0,0.0,0.0,0.0,0.0,0.0,67.67303746692622,0.0
1767678898.380281,,,,-0.047607421875,-0.455078125,0.889404296875,4.0,3.375,0.375,13.0,-40.8,51.4,0.0,0.0,0.0,0.0,0.0,0.0,0.0,0.0,0.0,66.8999252615427,0.0
1767678898.3994932,,,,-0.046875,-0.4521484375,0.88916015625,0.75,1.6875,-0.4375,13.9,-38.7,51.3,0.0,0.0,0.0,0.0,0.0,0.0,0.0,0.0,0.0,65.74640674592034,0.0
1767678898.4203808,,,,-0.041015625,-0.466552734375,0.85791015625,-0.25,1.4375,-0.6875,13.2,-41.2,50.5,0.0,0.0,0.0,0.0,0.0,0.0,0.0,0.0,0.0,66.49759394143521,0.0
1767678898.439935,,,,-0.046875,-0.4716796875,0.867919921875,2.875,2.375,-0.1875,13.3,-40.3,51.4,0.0,0.0,0.0,0.0,0.0,0.0,0.0,0.0,0.0,66.6553823783196,0.0
1767678898.461154,,,,-0.047607421875,-0.467529296875,0.868896484375,0.25,2.1875,-0.875,11.2,-40.9,51.3,0.0,0.0,0.0,0.0,0.0,0.0,0.0,0.0,0.0,66.55779443461148,0.0
1767678898.479454,,,,-0.03662109375,-0.469482421875,0.8701171875,2.1875,2.3125,-0.5625,12.9,-40.5,51.3,0.0,0.0,0.0,0.0,0.0,0.0,0.0,0.0,0.0,66.62094265319277,0.0
1767678898.4998772,,,,-0.057373046875,-0.4638671875,0.88134765625,2.625,2.8125,-0.0625,12.6,-41.1,51.4,0.0,0.0,0.0,0.0,0.0,0.0,0.0,0.0,0.0,67.00693993908392,0.0
1767678898.519583,,,,-0.035400390625,-0.4677734375,0.86376953125,-1.1875,0.625,-2.1875,13.0,-39.6,51.7,0.0,0.0,0.0,0.0,0.0,0.0,0.0,0.0,0.0,66.40820732409512,0.0
1767678898.5404558,,,,-0.05517578125,-0.488525390625,0.8310546875,1.6875,0.25,-1.625,12.6,-38.1,52.9,0.0,0.0,0.0,0.0,0.0,0.0,0.0,0.0,0.0,66.39864456447887,0.0
1767678898.558846,,,,-0.049560546875,-0.474853515625,0.845947265625,7.5625,-0.8125,-2.625,12.3,-40.0,50.2,0.0,0.0,0.0,0.0,0.0,0.0,0.0,0.0,0.0,65.35541293573165,0.0
1767678898.580711,,,,-0.029052734375,-0.46533203125,0.88818359375,9.75,1.25,-0.3125,13.0,-39.6,51.0,0.0,0.0,0.0,0.0,0.0,0.0,0.0,0.0,0.0,65.86470982248385,0.0
1767678898.599712,,,,-0.04833984375,-0.455078125,0.856689453125,12.75,3.25,3.3125,12.6,-39.1,49.9,0.0,0.0,0.0,0.0,0.0,0.0,0.0,0.0,0.0,64.63420147259498,0.0
1767678898.61972,,,,-0.073974609375,-0.445068359375,0.87353515625,16.5625,3.75,-2.125,13.9,-40.5,51.3,0.0,0.0,0.0,0.0,0.0,0.0,0.0,0.0,0.0,66.82177788715292,0.0
1767678898.637782,,,,-0.036865234375,-0.4375,0.954833984375,7.125,-0.875,-5.6875,13.8,-39.6,50.2,0.0,0.0,0.0,0.0,0.0,0.0,0.0,0.0,0.0,65.41131400606473,0.0
1767678898.658009,,,,-0.014892578125,-0.446044921875,0.911376953125,-3.875,-2.375,-3.5,14.1,-39.6,51.4,0.0,0.0,0.0,0.0,0.0,0.0,0.0,0.0,0.0,66.39977409600127,0.0
1767678898.682584,,,,-0.02880859375,-0.43310546875,0.8701171875,0.875,0.8125,-1.875,13.8,-41.1,50.2,0.0,0.0,0.0,0.0,0.0,0.0,0.0,0.0,0.0,66.33015905302805,0.0
1767678898.69946,,,,-0.023681640625,-0.441650390625,0.9072265625,-0.1875,1.875,-1.25,14.4,-39.7,51.6,0.0,0.0,0.0,0.0,0.0,0.0,0.0,0.0,0.0,66.67840729951489,0.0
1767678898.719708,,,,-0.036865234375,-0.44384765625,0.869384765625,-1.9375,1.5,-0.5625,14.4,-40.5,50.1,0.0,0.0,0.0,0.0,0.0,0.0,0.0,0.0,0.0,66.01227158642551,0.0
1767678898.740663,,,,-0.0302734375,-0.461181640625,0.87353515625,-0.125,1.6875,-0.875,13.9,-39.7,50.5,0.0,0.0,0.0,0.0,0.0,0.0,0.0,0.0,0.0,65.72328354548333,0.0
1767678898.7593868,,,,-0.02734375,-0.458740234375,0.859130859375,0.0,1.4375,-0.8125,13.0,-40.8,49.5,0.0,0.0,0.0,0.0,0.0,0.0,0.0,0.0,0.0,65.45143237546448,0.0
1767678898.779872,,,,-0.040771484375,-0.462646484375,0.85595703125,1.25,2.0,-1.3125,12.6,-41.1,49.9,0.0,0.0,0.0,0.0,0.0,0.0,0.0,0.0,0.0,65.86334337095255,0.0
1767678898.8013551,,,,-0.0341796875,-0.46044921875,0.8818359375,2.875,2.0,-0.625,13.6,-40.2,50.8,0.0,0.0,0.0,0.0,0.0,0.0,0.0,0.0,0.0,66.193957428152,0.0
1767678898.819476,,,,-0.03857421875,-0.444580078125,0.889892578125,3.875,2.5,-1.4375,13.6,-40.2,51.3,0.0,0.0,0.0,0.0,0.0,0.0,0.0,0.0,0.0,66.5784499669375,0.0
1767678898.839749,,,,-0.0419921875,-0.443359375,0.895263671875,1.25,1.125,-1.25,12.6,-40.8,51.7,0.0,0.0,0.0,0.0,0.0,0.0,0.0,0.0,0.0,67.05438091579103,0.0
1767678898.8596008,,,,-0.032958984375,-0.455322265625,0.875244140625,0.375,0.3125,-2.1875,13.3,-40.0,51.7,0.0,0.0,0.0,0.0,0.0,0.0,0.0,0.0,0.0,66.70667133053486,0.0
1767678898.8805718,,,,-0.032470703125,-0.445068359375,0.88134765625,2.625,2.5,-1.9375,14.4,-39.0,50.8,0.0,0.0,0.0,0.0,0.0,0.0,0.0,0.0,0.0,65.64297372910524,0.0
1767678898.9011881,,,,-0.037109375,-0.426513671875,0.912109375,2.3125,2.8125,-1.875,14.1,-40.8,51.7,0.0,0.0,0.0,0.0,0.0,0.0,0.0,0.0,0.0,67.35235704858442,0.0
