timestamp,roll,pitch,yaw,ax,ay,az,gx,gy,gz,mx,my,mz,mx_raw,my_raw,mz_raw,mag_raw,mag_cal,mcal_valid,mcal_n,moff_x,moff_y,moff_z,temp
1766285096.744576,-1.576585,6.426695,-166.8016,0.566406,1.757813,982.2559,0.0075,0.08625,0.12875,-8.0,-3.0,55.0,29.0,-31.0,43.0,60.0,55.0,0,4222,28.0,-31.0,41.0,42.77778
1766285096.920769,-1.56752,6.444298,-166.791,0.566406,-0.683594,979.8145,0.0075,0.39875,0.19125,-8.0,-1.0,54.0,29.0,-29.0,42.0,58.0,54.0,0,4247,28.0,-31.0,41.0,42.77778
1766285097.126046,-1.568127,6.416815,-166.7716,-0.410156,-0.683594,984.209,-0.305,-0.03875,0.06625,-8.0,-3.0,54.0,29.0,-31.0,42.0,59.0,54.0,0,4273,28.0,-31.0,41.0,42.77778
1766285097.3225842,-1.564477,6.412693,-166.7637,-0.410156,-0.195313,976.3965,-0.055,0.08625,0.19125,-8.0,-4.0,54.0,29.0,-32.0,42.0,60.0,54.0,0,4298,28.0,-31.0,41.0,42.77778
1766285097.526548,-1.574556,6.429008,-166.7591,-1.875,1.757813,981.2793,-0.3675,0.27375,-0.05875,-9.0,-3.0,54.0,28.0,-31.0,42.0,59.0,54.0,0,4324,28.0,-31.0,41.0,42.77778
1766285097.731354,-1.574537,6.436321,-166.7531,-2.363281,-2.148438,980.3027,-0.305,-0.41375,0.00375,-8.0,-3.0,54.0,29.0,-31.0,42.0,59.0,54.0,0,4350,28.0,-31.0,41.0,42.77778
1766285097.927849,-1.571733,6.42457,-166.7391,-1.386719,-1.171875,980.3027,-0.1175,0.27375,-0.55875,-9.0,-3.0,53.0,28.0,-31.0,41.0,58.0,53.0,0,4375,28.0,-31.0,41.0,43.33333
1766285098.131149,-1.569939,6.441616,-166.7214,-0.898438,0.292969,980.791,0.3825,0.27375,0.19125,-9.0,-2.0,53.0,28.0,-30.0,41.0,58.0,53.0,0,4401,28.0,-31.0,41.0,43.33333
1766285098.329192,-1.56328,6.43762,-166.7123,1.054688,-0.195313,977.8613,-0.43,-0.41375,-0.05875,-9.0,-3.0,54.0,28.0,-31.0,42.0,59.0,54.0,0,4426,28.0,-31.0,41.0,42.77778
1766285098.533194,-1.600345,6.486959,-166.8018,1.542969,-1.171875,978.8379,-0.1175,-0.22625,0.00375,-8.0,-3.0,53.0,29.0,-31.0,41.0,59.0,53.0,0,4452,28.0,-31.0,41.0,42.77778
1766285098.733446,-1.595214,6.513041,-166.7909,-1.386719,-1.171875,980.3027,0.32,0.21125,-0.12125,-9.0,-3.0,54.0,28.0,-31.0,42.0,59.0,54.0,0,4477,28.0,-31.0,41.0,42.77778
1766285098.930573,-1.592059,6.537965,-166.7763,0.566406,0.78125,982.7441,-0.055,-0.10125,0.25375,-10.0,-2.0,53.0,27.0,-30.0,41.0,57.0,53.0,0,4502,28.0,-31.0,41.0,42.77778
1766285099.134367,-1.587307,6.541809,-166.7712,-1.875,-0.195313,980.791,-0.18,0.14875,-0.30875,-10.0,-3.0,54.0,27.0,-31.0,42.0,58.0,55.0,0,4528,28.0,-31.0,41.0,42.77778
1766285099.3330638,-1.606424,6.555559,-166.7648,3.496094,-1.171875,980.3027,-0.18,-0.10125,-0.12125,-9.0,-3.0,54.0,28.0,-31.0,42.0,59.0,54.0,0,4553,28.0,-31.0,41.0,42.77778
1766285099.53523,-1.606184,6.525628,-166.7551,-1.386719,2.734375,977.373,0.2575,0.27375,0.06625,-7.0,-2.0,52.0,30.0,-30.0,40.0,58.0,52.0,0,4579,28.0,-31.0,41.0,42.77778
1766285099.732909,-1.591183,6.481877,-166.7501,-2.851563,-0.195313,979.8145,-0.2425,0.02375,0.37875,-9.0,-3.0,54.0,28.0,-31.0,42.0,59.0,54.0,0,4604,28.0,-31.0,41.0,42.77778
1766285099.938426,-1.59855,6.455813,-166.7486,-2.851563,2.246094,980.791,0.0075,0.52375,-0.05875,-8.0,-2.0,54.0,29.0,-30.0,42.0,59.0,54.0,0,4630,28.0,-31.0,41.0,43.33333
1766285100.133375,-1.590363,6.440838,-166.7378,0.566406,1.269531,981.2793,0.07,-0.16375,0.06625,-10.0,-4.0,52.0,27.0,-32.0,40.0,57.0,53.0,0,4655,28.0,-31.0,41.0,43.33333
1766285100.33845,-1.594637,6.461223,-166.7247,0.078125,0.78125,980.3027,0.32,0.08625,-0.18375,-8.0,-3.0,54.0,29.0,-31.0,42.0,59.0,54.0,0,4681,28.0,-31.0,41.0,42.77778
1766285100.534982,-1.572211,6.443076,-166.7243,2.03125,-0.683594,977.373,0.0075,-0.35125,0.06625,-9.0,-1.0,53.0,28.0,-29.0,41.0,57.0,53.0,0,4706,28.0,-31.0,41.0,42.77778
1766285100.737816,-1.562827,6.461427,-166.7,0.566406,-2.148438,976.3965,-0.18,-0.10125,0.19125,-10.0,-2.0,55.0,27.0,-30.0,43.0,58.0,55.0,0,4732,28.0,-31.0,41.0,43.33333
1766285100.942486,-1.538232,6.544971,-166.6741,-1.386719,1.757813,979.3262,-0.055,0.08625,-0.05875,-10.0,-3.0,55.0,27.0,-31.0,43.0,59.0,55.0,0,4758,28.0,-31.0,41.0,42.77778
1766285101.139958,-1.504527,6.487017,-166.6657,-0.410156,-1.171875,983.2324,-0.055,-0.22625,-0.24625,-8.0,-2.0,52.0,29.0,-30.0,40.0,57.0,52.0,0,4783,28.0,-31.0,41.0,42.77778
1766285101.34365,-1.514658,6.493962,-166.6567,-0.898438,-1.171875,978.3496,0.0075,0.08625,-0.18375,-9.0,-2.0,53.0,28.0,-30.0,41.0,58.0,53.0,0,4809,28.0,-31.0,41.0,43.33333
1766285101.542946,-1.523371,6.508526,-166.6445,-0.410156,-0.683594,983.2324,-0.1175,0.14875,-0.05875,-9.0,-3.0,55.0,28.0,-31.0,43.0,59.0,55.0,0,4834,28.0,-31.0,41.0,42.77778
1766285101.74443,-1.530002,6.535608,-166.6393,-0.410156,0.78125,980.791,0.195,0.21125,0.00375,-10.0,-2.0,54.0,27.0,-30.0,42.0,58.0,54.0,0,4860,28.0,-31.0,41.0,43.33333
1766285101.951285,-1.538613,6.547283,-166.6326,0.078125,1.269531,976.3965,0.0075,-0.03875,-0.18375,-9.0,-3.0,54.0,28.0,-31.0,42.0,59.0,54.0,0,4886,28.0,-31.0,41.0,43.33333
1766285102.14583,-1.513834,6.550547,-166.6163,1.542969,0.292969,981.2793,0.195,0.27375,-0.12125,-10.0,-2.0,53.0,27.0,-30.0,41.0,57.0,53.0,0,4911,28.0,-31.0,41.0,43.33333
1766285102.348918,-1.501612,6.503222,-166.6091,-1.875,0.78125,981.2793,-0.2425,0.02375,0.06625,-9.0,-3.0,54.0,28.0,-31.0,42.0,59.0,54.0,0,4937,28.0,-31.0,41.0,42.77778
1766285102.5467362,-1.476886,6.486323,-166.5991,-0.898438,-0.683594,982.2559,-0.055,0.14875,0.00375,-8.0,-4.0,53.0,29.0,-32.0,41.0,59.0,53.0,0,4962,28.0,-31.0,41.0,43.33333
1766285102.750719,-1.48832,6.48708,-166.5864,1.542969,-0.195313,984.209,-0.055,-0.16375,-0.18375,-9.0,-4.0,53.0,28.0,-32.0,41.0,59.0,53.0,0,4988,28.0,-31.0,41.0,43.33333
1766285102.947791,-1.482136,6.476501,-166.5797,-0.410156,0.292969,977.8613,0.0075,-0.22625,0.00375,-9.0,-3.0,54.0,28.0,-31.0,42.0,59.0,54.0,0,5013,28.0,-31.0,41.0,43.33333
1766285103.1517131,-1.509256,6.482537,-166.5688,-1.386719,2.734375,980.3027,-0.18,0.27375,0.12875,-8.0,-3.0,54.0,29.0,-31.0,42.0,59.0,54.0,0,5039,28.0,-31.0,41.0,43.33333
1766285103.3493838,-1.51548,6.483014,-166.5667,-1.386719,-0.683594,981.2793,0.2575,-0.10125,0.31625,-9.0,-3.0,55.0,28.0,-31.0,43.0,59.0,55.0,0,5064,28.0,-31.0,41.0,43.33333
1766285103.5524101,-1.500923,6.485768,-166.5607,0.078125,-0.195313,979.8145,-0.1175,-0.10125,-0.05875,-9.0,-3.0,53.0,28.0,-31.0,41.0,58.0,53.0,0,5090,28.0,-31.0,41.0,43.33333
1766285103.7514381,-1.497412,6.438498,-166.5533,1.542969,-0.683594,979.8145,-0.43,0.39875,-0.12125,-8.0,-3.0,53.0,29.0,-31.0,41.0,59.0,53.0,0,5115,28.0,-31.0,41.0,43.33333
1766285103.953235,-1.497712,6.410975,-166.536,-0.898438,-2.148438,978.3496,-0.305,0.21125,0.00375,-8.0,-2.0,55.0,29.0,-30.0,43.0,59.0,55.0,0,5141,28.0,-31.0,41.0,43.33333
1766285104.150514,-1.517617,6.399749,-166.5226,2.03125,-0.195313,977.373,-0.1175,-0.10125,0.00375,-9.0,-4.0,54.0,28.0,-32.0,42.0,59.0,54.0,0,5166,28.0,-31.0,41.0,43.33333
1766285104.3547258,-1.498953,6.397848,-166.507,1.054688,0.78125,981.7676,0.32,0.14875,0.00375,-9.0,-2.0,53.0,28.0,-30.0,41.0,58.0,53.0,0,5192,28.0,-31.0,41.0,42.77778
1766285104.552096,-1.483394,6.37634,-166.5093,1.542969,-1.171875,978.8379,-0.2425,0.08625,-0.05875,-8.0,-2.0,53.0,29.0,-30.0,41.0,58.0,53.0,0,5217,28.0,-31.0,41.0,43.33333
1766285104.755659,-1.491368,6.391565,-166.4971,-0.898438,1.269531,978.3496,0.0075,0.21125,0.06625,-10.0,-3.0,54.0,27.0,-31.0,42.0,58.0,55.0,0,5243,28.0,-31.0,41.0,43.33333
1766285104.952225,-1.525665,6.417146,-166.5007,0.078125,-0.195313,979.8145,0.0075,0.21125,-0.30875,-7.0,-4.0,54.0,30.0,-32.0,42.0,60.0,54.0,0,5268,28.0,-31.0,41.0,42.77778
1766285105.158741,-1.530709,6.415397,-166.4836,1.542969,-0.683594,984.6973,-0.1175,0.02375,0.12875,-8.0,-3.0,54.0,29.0,-31.0,42.0,59.0,54.0,0,5294,28.0,-31.0,41.0,43.33333
1766285105.353706,-1.530648,6.417171,-166.4747,-1.386719,-3.613281,979.8145,-1.2425,-0.41375,-0.24625,-7.0,-3.0,54.0,30.0,-31.0,42.0,60.0,54.0,0,5319,28.0,-31.0,41.0,43.33333
1766285105.5578759,-1.547414,6.397885,-166.4613,0.566406,-3.125,979.3262,-0.1175,0.02375,0.19125,-9.0,-2.0,54.0,28.0,-30.0,42.0,58.0,54.0,0,5345,28.0,-31.0,41.0,43.33333
1766285105.754378,-1.564725,6.410443,-166.4711,-1.386719,-1.660156,983.7207,0.07,0.02375,-0.12125,-8.0,-4.0,54.0,29.0,-32.0,42.0,60.0,54.0,0,5370,28.0,-31.0,41.0,43.33333
1766285105.959699,-1.567453,6.418895,-166.4631,-0.410156,0.78125,982.2559,-0.18,-0.22625,0.00375,-10.0,-4.0,54.0,27.0,-32.0,42.0,59.0,55.0,0,5396,28.0,-31.0,41.0,43.33333
1766285106.1629162,-1.528747,6.431913,-166.3361,0.078125,-1.171875,977.373,0.2575,-0.10125,0.31625,-9.0,-2.0,54.0,28.0,-30.0,42.0,58.0,54.0,0,5422,28.0,-31.0,41.0,43.33333
1766285106.359914,-1.524415,6.424722,-166.3138,3.007813,-0.683594,977.8613,0.07,0.21125,0.25375,-9.0,-3.0,53.0,28.0,-31.0,41.0,58.0,53.0,0,5447,28.0,-31.0,41.0,43.33333
1766285106.5641642,-1.525701,6.415976,-166.3096,1.054688,-2.148438,981.2793,0.07,-0.10125,0.00375,-9.0,-3.0,54.0,28.0,-31.0,42.0,59.0,54.0,0,5473,28.0,-31.0,41.0,43.33333
1766285106.761321,-1.527537,6.356829,-166.3028,0.078125,-0.195313,976.8848,0.1325,0.14875,-0.05875,-7.0,-3.0,54.0,30.0,-31.0,42.0,60.0,54.0,0,5498,28.0,-31.0,41.0,43.33333
1766285106.964135,-1.521914,6.371796,-166.2954,-0.410156,-1.171875,980.791,0.07,0.21125,-0.24625,-9.0,-3.0,54.0,28.0,-31.0,42.0,59.0,54.0,0,5524,28.0,-31.0,41.0,43.33333
1766285107.162198,-1.521783,6.372208,-166.2811,0.566406,1.757813,981.2793,0.07,-0.28875,0.00375,-9.0,-3.0,53.0,28.0,-31.0,41.0,58.0,53.0,0,5549,28.0,-31.0,41.0,43.33333
1766285107.365681,-1.532485,6.377915,-166.2698,-1.875,0.78125,978.8379,0.0075,-0.10125,0.06625,-9.0,-3.0,54.0,28.0,-31.0,42.0,59.0,54.0,0,5575,28.0,-31.0,41.0,43.33333
1766285107.5698738,-1.499891,6.438335,-166.257,0.078125,0.78125,977.8613,0.195,-0.16375,-0.05875,-9.0,-3.0,54.0,28.0,-31.0,42.0,59.0,54.0,0,5601,28.0,-31.0,41.0,43.88889
1766285107.767328,-1.485203,6.41992,-166.2402,0.566406,0.78125,981.7676,-0.2425,0.14875,0.00375,-11.0,-3.0,54.0,26.0,-31.0,42.0,58.0,55.0,0,5626,28.0,-31.0,41.0,43.33333
1766285107.9708211,-1.459679,6.343571,-166.2374,-0.898438,1.757813,981.2793,0.1325,0.02375,-0.30875,-10.0,-3.0,54.0,27.0,-31.0,42.0,58.0,55.0,0,5652,28.0,-31.0,41.0,43.33333
1766285108.167528,-1.459741,6.345998,-166.2286,-0.410156,1.269531,979.3262,0.32,-0.10125,-0.18375,-8.0,-2.0,53.0,29.0,-30.0,41.0,58.0,53.0,0,5677,28.0,-31.0,41.0,43.33333
1766285108.371107,-1.48939,6.356555,-166.2127,2.03125,0.78125,979.3262,0.0075,0.02375,0.31625,-7.0,-4.0,55.0,30.0,-32.0,43.0,61.0,55.0,0,5703,28.0,-31.0,41.0,43.33333
1766285108.568556,-1.501821,6.345482,-166.2122,0.078125,-0.683594,977.373,-0.18,0.08625,-0.12125,-8.0,-3.0,54.0,29.0,-31.0,42.0,59.0,54.0,0,5728,28.0,-31.0,41.0,43.33333
1766285108.7702038,-1.481902,6.321058,-166.1991,0.078125,0.78125,980.791,-0.2425,-0.10125,-0.05875,-11.0,-3.0,55.0,26.0,-31.0,43.0,59.0,56.0,0,5753,28.0,-31.0,41.0,43.33333
1766285108.973663,-1.473433,6.290785,-166.1955,2.519531,0.292969,980.791,-0.1175,0.02375,-0.12125,-9.0,-2.0,53.0,28.0,-30.0,41.0,58.0,53.0,0,5779,28.0,-31.0,41.0,43.33333
1766285109.1706991,-1.47001,6.309576,-166.1731,0.566406,2.734375,979.8145,-0.055,0.14875,0.06625,-8.0,-3.0,54.0,29.0,-31.0,42.0,59.0,54.0,0,5804,28.0,-31.0,41.0,43.33333
1766285109.374277,-1.490599,6.333977,-166.1691,1.054688,-0.195313,979.8145,-0.055,0.27375,0.12875,-8.0,-4.0,53.0,29.0,-32.0,41.0,59.0,53.0,0,5830,28.0,-31.0,41.0,43.33333
1766285109.5719922,-1.485178,6.289949,-166.162,-0.410156,0.78125,978.8379,0.0075,0.14875,0.12875,-10.0,-2.0,54.0,27.0,-30.0,42.0,58.0,54.0,0,5855,28.0,-31.0,41.0,43.33333
1766285109.776063,-1.470208,6.333507,-166.1391,1.054688,2.734375,980.791,-0.055,-0.28875,0.00375,-9.0,-3.0,53.0,28.0,-31.0,41.0,58.0,53.0,0,5881,28.0,-31.0,41.0,43.33333
1766285109.9727502,-1.450621,6.368534,-166.1281,1.054688,-1.660156,977.373,-0.18,0.21125,0.00375,-11.0,-3.0,53.0,26.0,-31.0,41.0,57.0,54.0,0,5906,28.0,-31.0,41.0,43.88889
1766285110.177363,-1.445981,6.406374,-166.1128,-2.363281,1.269531,979.8145,-0.055,-0.22625,-0.12125,-9.0,-2.0,53.0,28.0,-30.0,41.0,58.0,53.0,0,5932,28.0,-31.0,41.0,43.88889
1766285110.380627,-1.467945,6.386162,-166.0881,-3.828125,5.175781,990.0684,-0.93,0.08625,0.00375,-10.0,-3.0,54.0,27.0,-31.0,42.0,58.0,55.0,0,5958,28.0,-31.0,41.0,43.33333
1766285110.585782,-1.476618,6.379821,-166.0884,-3.339844,-1.171875,977.8613,0.2575,-0.03875,-0.18375,-10.0,-3.0,55.0,27.0,-31.0,43.0,59.0,55.0,0,5984,28.0,-31.0,41.0,43.88889
1766285110.781983,-1.486409,6.399812,-166.0855,-1.386719,0.292969,979.8145,-0.055,0.02375,-0.18375,-9.0,-4.0,54.0,28.0,-32.0,42.0,59.0,54.0,0,6009,28.0,-31.0,41.0,43.33333
1766285110.985068,-1.48318,6.367916,-166.085,0.078125,0.292969,977.373,-0.055,-0.35125,-0.12125,-8.0,-2.0,55.0,29.0,-30.0,43.0,59.0,55.0,0,6035,28.0,-31.0,41.0,43.33333
1766285111.183279,-1.464913,6.376337,-166.0705,1.054688,-0.683594,978.8379,-0.18,-0.28875,-0.43375,-8.0,-3.0,55.0,29.0,-31.0,43.0,60.0,55.0,0,6060,28.0,-31.0,41.0,43.33333
1766285111.3875399,-1.410409,6.331986,-166.0757,-0.410156,-0.683594,979.8145,0.195,-0.28875,-0.05875,-9.0,-2.0,54.0,28.0,-30.0,42.0,58.0,54.0,0,6086,28.0,-31.0,41.0,43.88889
1766285111.583811,-1.452023,6.332493,-166.0588,0.566406,0.292969,978.3496,0.195,0.33625,-0.05875,-9.0,-3.0,53.0,28.0,-31.0,41.0,58.0,53.0,0,6111,28.0,-31.0,41.0,43.33333
1766285111.7877371,-1.450266,6.36475,-166.0523,0.078125,-0.683594,977.8613,0.0075,0.33625,0.00375,-9.0,-3.0,54.0,28.0,-31.0,42.0,59.0,54.0,0,6137,28.0,-31.0,41.0,43.33333
1766285111.992173,-1.447318,6.386052,-166.0464,-1.875,0.292969,981.7676,-0.2425,0.08625,-0.05875,-9.0,-3.0,54.0,28.0,-31.0,42.0,59.0,54.0,0,6163,28.0,-31.0,41.0,43.88889
1766285112.189167,-1.449008,6.340191,-166.0504,-1.875,-1.171875,981.2793,-0.1175,-0.28875,0.25375,-8.0,-3.0,53.0,29.0,-31.0,41.0,59.0,53.0,0,6188,28.0,-31.0,41.0,43.33333
1766285112.393265,-1.438847,6.303287,-166.0396,-3.828125,-0.195313,979.3262,-0.055,-0.03875,0.00375,-8.0,-3.0,56.0,29.0,-31.0,44.0,61.0,56.0,0,6214,28.0,-31.0,41.0,43.88889
1766285112.588316,-1.429901,6.2816,-166.0194,-1.875,0.78125,977.373,0.32,0.14875,-0.05875,-8.0,-4.0,53.0,29.0,-32.0,41.0,59.0,53.0,0,6239,28.0,-31.0,41.0,43.33333
1766285112.793781,-1.437168,6.324639,-165.9939,1.054688,1.757813,980.3027,-0.055,0.21125,0.44125,-9.0,-3.0,53.0,28.0,-31.0,41.0,58.0,53.0,0,6265,28.0,-31.0,41.0,43.33333
1766285112.990654,-1.41532,6.301163,-165.9851,1.054688,2.734375,979.8145,-0.055,0.39875,0.25375,-9.0,-2.0,53.0,28.0,-30.0,41.0,58.0,53.0,0,6290,28.0,-31.0,41.0,43.88889
1766285113.197641,-1.434993,6.351297,-165.9796,1.054688,0.78125,977.373,-0.18,-0.03875,-0.12125,-10.0,-4.0,54.0,27.0,-32.0,42.0,59.0,55.0,0,6316,28.0,-31.0,41.0,43.33333
1766285113.392069,-1.400886,6.34773,-165.9802,-1.386719,-1.660156,980.3027,0.2575,-0.10125,0.19125,-9.0,-3.0,54.0,28.0,-31.0,42.0,59.0,54.0,0,6341,28.0,-31.0,41.0,43.88889
1766285113.5965471,-1.407523,6.359758,-165.9771,-0.898438,0.292969,978.3496,-0.18,0.27375,-0.43375,-11.0,-4.0,54.0,26.0,-32.0,42.0,58.0,55.0,0,6367,28.0,-31.0,41.0,43.33333
1766285113.7924109,-1.401148,6.329435,-165.9661,1.542969,1.269531,978.3496,-0.1175,0.08625,-0.12125,-9.0,-4.0,54.0,28.0,-32.0,42.0,59.0,54.0,0,6392,28.0,-31.0,41.0,43.88889
1766285113.997563,-1.402948,6.302824,-165.9559,-1.875,-1.171875,977.8613,0.0075,-0.28875,-0.05875,-9.0,-4.0,54.0,28.0,-32.0,42.0,59.0,54.0,0,6418,28.0,-31.0,41.0,43.33333
1766285114.193762,-1.378914,6.267128,-165.9551,0.078125,1.269531,980.791,-0.2425,0.33625,0.06625,-9.0,-4.0,54.0,28.0,-32.0,42.0,59.0,54.0,0,6443,28.0,-31.0,41.0,43.33333
1766285114.397745,-1.389201,6.28894,-165.9406,2.03125,0.78125,974.4434,-0.1175,0.33625,-0.05875,-10.0,-3.0,53.0,27.0,-31.0,41.0,58.0,54.0,0,6469,28.0,-31.0,41.0,43.88889
1766285114.594966,-1.387016,6.27503,-165.9301,-1.386719,-0.683594,981.7676,-0.305,0.02375,-0.05875,-9.0,-3.0,55.0,28.0,-31.0,43.0,59.0,55.0,0,6494,28.0,-31.0,41.0,43.88889
1766285114.79905,-1.381301,6.281728,-165.9081,-0.410156,-0.195313,976.3965,-0.1175,0.14875,-0.05875,-9.0,-1.0,53.0,28.0,-29.0,41.0,57.0,53.0,0,6520,28.0,-31.0,41.0,43.33333
1766285114.995521,-1.384764,6.314275,-165.8883,0.566406,-2.636719,972.9785,-0.18,-0.03875,0.00375,-8.0,-2.0,52.0,29.0,-30.0,40.0,57.0,52.0,0,6545,28.0,-31.0,41.0,43.33333
1766285115.199759,-1.392625,6.321071,-165.8664,-1.875,2.246094,977.8613,-0.055,-0.03875,0.06625,-9.0,-3.0,54.0,28.0,-31.0,42.0,59.0,54.0,0,6571,28.0,-31.0,41.0,43.88889
1766285115.40468,-1.399505,6.345324,-165.8585,-0.410156,-0.683594,980.3027,-0.055,0.08625,-0.43375,-8.0,-4.0,53.0,29.0,-32.0,41.0,59.0,53.0,0,6597,28.0,-31.0,41.0,43.88889
1766285115.607359,-1.387927,6.330591,-165.8378,-0.410156,-0.195313,982.2559,-0.305,0.52375,0.00375,-8.0,-2.0,54.0,29.0,-30.0,42.0,59.0,54.0,0,6623,28.0,-31.0,41.0,43.33333
1766285115.806324,-1.394198,6.334668,-165.8454,0.078125,-1.171875,977.373,0.1325,0.08625,0.19125,-9.0,-2.0,54.0,28.0,-30.0,42.0,58.0,54.0,0,6648,28.0,-31.0,41.0,43.88889
1766285116.011483,-1.389049,6.330785,-165.8451,3.007813,-1.171875,978.8379,-0.18,-0.41375,-0.12125,-9.0,-3.0,54.0,28.0,-31.0,42.0,59.0,54.0,0,6674,28.0,-31.0,41.0,43.88889
1766285116.2061188,-1.380879,6.366463,-165.8293,0.078125,1.757813,981.2793,0.2575,0.27375,0.06625,-9.0,-2.0,53.0,28.0,-30.0,41.0,58.0,53.0,0,6699,28.0,-31.0,41.0,43.88889
1766285116.4095,-1.396317,6.3486,-165.8357,1.054688,0.78125,978.8379,-0.1175,-0.16375,-0.05875,-8.0,-5.0,55.0,29.0,-33.0,43.0,61.0,55.0,0,6725,28.0,-31.0,41.0,43.33333
1766285116.606807,-1.404873,6.374034,-165.8107,2.519531,3.222656,982.2559,-0.1175,-0.03875,-0.18375,-8.0,-4.0,54.0,29.0,-32.0,42.0,60.0,54.0,0,6750,28.0,-31.0,41.0,43.33333
1766285116.811476,-1.415574,6.37297,-165.796,-1.386719,0.78125,979.8145,0.195,0.08625,-0.12125,-8.0,-3.0,55.0,29.0,-31.0,43.0,60.0,55.0,0,6776,28.0,-31.0,41.0,43.33333
1766285117.007472,-1.419453,6.356838,-165.7896,-2.363281,0.292969,980.3027,0.1325,-0.16375,0.00375,-9.0,-3.0,54.0,28.0,-31.0,42.0,59.0,54.0,0,6801,28.0,-31.0,41.0,43.88889
1766285117.2117429,-1.418425,6.34977,-165.7893,0.566406,0.292969,981.2793,0.07,0.21125,0.00375,-8.0,-3.0,55.0,29.0,-31.0,43.0,60.0,55.0,0,6827,28.0,-31.0,41.0,43.88889
1766285117.416272,-1.409884,6.329492,-165.7738,-1.875,0.78125,980.791,-0.1175,0.27375,0.12875,-9.0,-3.0,53.0,28.0,-31.0,41.0,58.0,53.0,0,6853,28.0,-31.0,41.0,43.88889
1766285117.612978,-1.411832,6.30433,-165.7695,1.054688,2.246094,978.8379,-0.055,0.21125,-0.12125,-8.0,-4.0,55.0,29.0,-32.0,43.0,60.0,55.0,0,6878,28.0,-31.0,41.0,43.88889
1766285117.816326,-1.421978,6.261218,-165.7715,-1.875,-1.171875,981.7676,-0.1175,-0.47625,-0.18375,-8.0,-4.0,53.0,29.0,-32.0,41.0,59.0,53.0,0,6904,28.0,-31.0,41.0,43.88889
1766285118.013841,-1.429953,6.289533,-165.7624,1.054688,-0.195313,981.7676,0.2575,-0.03875,-0.12125,-10.0,-3.0,54.0,27.0,-31.0,42.0,58.0,55.0,0,6929,28.0,-31.0,41.0,43.88889
1766285118.218265,-1.429811,6.243903,-165.753,1.054688,-1.171875,980.791,-0.055,0.08625,-0.12125,-9.0,-2.0,54.0,28.0,-30.0,42.0,58.0,54.0,0,6955,28.0,-31.0,41.0,43.88889
1766285118.414804,-1.408215,6.205887,-165.7385,-0.410156,-0.195313,980.791,-0.1175,0.21125,-0.12125,-8.0,-4.0,54.0,29.0,-32.0,42.0,60.0,54.0,0,6980,28.0,-31.0,41.0,43.33333
1766285118.6156118,-1.409649,6.233658,-165.7271,1.542969,-0.195313,979.3262,-0.055,0.02375,-0.12125,-9.0,-3.0,52.0,28.0,-31.0,40.0,57.0,52.0,0,7005,28.0,-31.0,41.0,43.88889
1766285118.819904,-1.398401,6.240763,-165.7113,-0.410156,0.292969,974.9316,0.0075,-0.16375,-0.12125,-8.0,-2.0,52.0,29.0,-30.0,40.0,57.0,52.0,0,7031,28.0,-31.0,41.0,43.88889
1766285119.0232399,-1.409599,6.271898,-165.7007,-2.851563,0.78125,977.8613,0.07,0.39875,0.12875,-9.0,-3.0,54.0,28.0,-31.0,42.0,59.0,54.0,0,7057,28.0,-31.0,41.0,43.88889
1766285119.228161,-1.373237,6.252238,-165.6855,-1.386719,0.292969,980.3027,-0.1175,0.14875,0.00375,-8.0,-1.0,53.0,29.0,-29.0,41.0,57.0,53.0,0,7083,28.0,-31.0,41.0,43.33333
1766285119.425449,-1.397079,6.274006,-165.6684,-0.410156,-0.195313,978.8379,0.1325,-0.10125,0.06625,-9.0,-2.0,52.0,28.0,-30.0,40.0,57.0,52.0,0,7108,28.0,-31.0,41.0,43.88889
1766285119.6314628,-1.381632,6.265924,-165.6572,0.078125,1.269531,981.2793,-0.055,-0.16375,0.06625,-9.0,-3.0,55.0,28.0,-31.0,43.0,59.0,55.0,0,7134,28.0,-31.0,41.0,43.88889
1766285119.826298,-1.365433,6.23474,-165.658,2.519531,4.199219,979.3262,-0.305,0.33625,-0.30875,-9.0,-2.0,54.0,28.0,-30.0,42.0,58.0,54.0,0,7159,28.0,-31.0,41.0,43.88889
1766285120.0304031,-1.375218,6.267788,-165.6356,3.007813,-1.660156,980.791,-0.055,0.39875,0.19125,-8.0,-2.0,53.0,29.0,-30.0,41.0,58.0,53.0,0,7185,28.0,-31.0,41.0,43.88889
1766285120.226722,-1.383651,6.299674,-165.6223,-1.875,0.78125,979.8145,0.0075,0.02375,0.12875,-9.0,-2.0,56.0,28.0,-30.0,44.0,60.0,56.0,0,7210,28.0,-31.0,41.0,43.88889
1766285120.430322,-1.377539,6.29162,-165.604,0.566406,-0.195313,979.8145,-0.1175,0.02375,0.06625,-9.0,-1.0,54.0,28.0,-29.0,42.0,58.0,54.0,0,7236,28.0,-31.0,41.0,43.88889
1766285120.634975,-1.390351,6.313519,-165.5934,0.078125,1.269531,980.3027,0.1325,0.21125,-0.24625,-9.0,-3.0,53.0,28.0,-31.0,41.0,58.0,53.0,0,7262,28.0,-31.0,41.0,43.88889
1766285120.832551,-1.408682,6.269973,-165.5896,1.054688,-0.195313,978.3496,-0.18,-0.03875,-0.37125,-8.0,-2.0,54.0,29.0,-30.0,42.0,59.0,54.0,0,7287,28.0,-31.0,41.0,43.88889
1766285121.03597,-1.379652,6.264349,-165.5796,0.566406,1.269531,981.2793,-0.055,0.08625,0.25375,-9.0,-2.0,53.0,28.0,-30.0,41.0,58.0,53.0,0,7313,28.0,-31.0,41.0,43.88889
1766285121.2338188,-1.354687,6.235221,-165.5753,2.03125,0.292969,981.7676,-0.1175,-0.22625,-0.18375,-10.0,-3.0,54.0,27.0,-31.0,42.0,58.0,55.0,0,7338,28.0,-31.0,41.0,43.33333
1766285121.436426,-1.348367,6.22475,-165.549,1.542969,0.292969,979.8145,0.0075,0.08625,0.12875,-9.0,-2.0,54.0,28.0,-30.0,42.0,58.0,54.0,0,7364,28.0,-31.0,41.0,43.88889
1766285121.634424,-1.349683,6.230649,-165.5307,1.054688,1.269531,983.2324,0.1325,-0.03875,0.00375,-9.0,-2.0,54.0,28.0,-30.0,42.0,58.0,54.0,0,7389,28.0,-31.0,41.0,43.88889
1766285121.837559,-1.37171,6.221013,-165.5139,0.566406,2.246094,975.9082,0.07,0.02375,0.06625,-8.0,-3.0,55.0,29.0,-31.0,43.0,60.0,55.0,0,7415,28.0,-31.0,41.0,43.88889
1766285122.04193,-1.345364,6.23445,-165.5047,3.007813,2.246094,977.8613,0.1325,0.21125,-0.37125,-10.0,-3.0,54.0,27.0,-31.0,42.0,58.0,55.0,0,7441,28.0,-31.0,41.0,43.88889
1766285122.2465322,-1.386575,6.247663,-165.4863,0.566406,2.246094,978.3496,-0.555,0.02375,-0.12125,-9.0,-3.0,54.0,28.0,-31.0,42.0,59.0,54.0,0,7467,28.0,-31.0,41.0,43.88889
1766285122.443742,-1.364368,6.270489,-165.4703,2.03125,3.222656,979.3262,0.07,-0.10125,-0.12125,-8.0,-2.0,55.0,29.0,-30.0,43.0,59.0,55.0,0,7492,28.0,-31.0,41.0,43.88889
1766285122.646715,-1.361844,6.289302,-165.4584,1.054688,1.269531,979.3262,0.195,0.14875,0.00375,-7.0,-3.0,53.0,30.0,-31.0,41.0,59.0,53.0,0,7518,28.0,-31.0,41.0,43.88889
1766285122.851824,-1.361201,6.306316,-165.4478,0.566406,0.292969,978.8379,-0.18,0.39875,0.06625,-9.0,-3.0,55.0,28.0,-31.0,43.0,59.0,55.0,0,7544,28.0,-31.0,41.0,43.88889
1766285123.047766,-1.352224,6.291921,-165.4506,-0.410156,-0.683594,980.3027,0.0075,0.14875,-0.12125,-8.0,-4.0,55.0,29.0,-32.0,43.0,60.0,55.0,0,7569,28.0,-31.0,41.0,43.88889
1766285123.2520802,-1.346398,6.280389,-165.4502,-0.898438,-0.683594,978.8379,-0.1175,-0.03875,-0.18375,-9.0,-3.0,54.0,28.0,-31.0,42.0,59.0,54.0,0,7595,28.0,-31.0,41.0,43.88889
1766285123.44854,-1.354452,6.25458,-165.4458,0.566406,-0.683594,981.7676,0.0075,0.02375,-0.24625,-8.0,-3.0,56.0,29.0,-31.0,44.0,61.0,56.0,0,7620,28.0,-31.0,41.0,43.88889
1766285123.6524649,-1.37597,6.235788,-165.4261,-1.386719,-1.171875,978.3496,0.07,0.02375,-0.12125,-8.0,-3.0,54.0,29.0,-31.0,42.0,59.0,54.0,0,7646,28.0,-31.0,41.0,43.88889
1766285123.8496692,-1.368298,6.234261,-165.3991,-0.898438,2.246094,979.8145,0.07,-0.16375,-0.05875,-9.0,-4.0,55.0,28.0,-32.0,43.0,60.0,55.0,0,7671,28.0,-31.0,41.0,43.88889
1766285124.053968,-1.378927,6.251463,-165.3875,1.054688,1.269531,978.3496,-0.305,0.14875,0.25375,-8.0,-2.0,53.0,29.0,-30.0,41.0,58.0,53.0,0,7697,28.0,-31.0,41.0,43.88889
1766285124.2575722,-1.336156,6.217657,-165.3764,-1.386719,-1.171875,981.2793,0.2575,0.08625,0.31625,-8.0,-3.0,54.0,29.0,-31.0,42.0,59.0,54.0,0,7723,28.0,-31.0,41.0,43.88889
1766285124.454998,-1.344404,6.215857,-165.3722,1.054688,0.292969,976.8848,0.2575,0.02375,-0.18375,-8.0,-3.0,54.0,29.0,-31.0,42.0,59.0,54.0,0,7748,28.0,-31.0,41.0,43.88889
1766285124.661354,-1.322494,6.191988,-165.3643,-2.363281,-3.125,979.8145,-0.18,0.21125,-0.24625,-9.0,-3.0,54.0,28.0,-31.0,42.0,59.0,54.0,0,7774,28.0,-31.0,41.0,43.88889
1766285124.855855,-1.30524,6.201512,-165.3529,-1.386719,-2.148438,974.9316,0.195,0.14875,-0.30875,-6.0,-2.0,55.0,31.0,-30.0,43.0,60.0,55.0,0,7799,28.0,-31.0,41.0,43.88889
1766285125.060736,-1.272915,6.213485,-165.3198,-0.410156,-0.195313,977.8613,0.0075,-0.10125,0.12875,-10.0,-2.0,54.0,27.0,-30.0,42.0,58.0,54.0,0,7825,28.0,-31.0,41.0,43.88889
1766285125.257041,-1.272475,6.209549,-165.3148,-0.898438,-1.660156,980.3027,-0.1175,0.08625,0.00375,-8.0,0.0,53.0,29.0,-28.0,41.0,57.0,53.0,0,7850,28.0,-31.0,41.0,43.88889
1766285125.4612968,-1.254691,6.229515,-165.3006,1.054688,-1.171875,974.9316,0.3825,0.14875,0.25375,-9.0,-3.0,54.0,28.0,-31.0,42.0,59.0,54.0,0,7876,28.0,-31.0,41.0,44.44444
1766285125.665451,-1.240778,6.206634,-165.287,-0.898438,-1.660156,981.2793,-0.1175,0.14875,-0.24625,-9.0,-3.0,54.0,28.0,-31.0,42.0,59.0,54.0,0,7902,28.0,-31.0,41.0,43.88889
1766285125.868701,-1.241166,6.194157,-165.2776,2.03125,1.269531,980.791,0.3825,0.27375,-0.05875,-9.0,-1.0,54.0,28.0,-29.0,42.0,58.0,54.0,0,7928,28.0,-31.0,41.0,43.88889
1766285126.065254,-1.256768,6.213219,-165.2691,1.054688,1.757813,985.1855,0.07,0.14875,0.19125,-7.0,-3.0,54.0,30.0,-31.0,42.0,60.0,54.0,0,7953,28.0,-31.0,41.0,43.88889
1766285126.2637,-1.268178,6.172093,-165.2675,2.519531,0.292969,981.2793,-0.055,-0.16375,0.12875,-8.0,-3.0,53.0,29.0,-31.0,41.0,59.0,53.0,0,7978,28.0,-31.0,41.0,43.33333
1766285126.466517,-1.295555,6.188193,-165.2613,0.078125,1.757813,976.3965,-0.18,0.21125,-0.05875,-9.0,-3.0,55.0,28.0,-31.0,43.0,59.0,55.0,0,8004,28.0,-31.0,41.0,43.88889
1766285126.6708212,-1.281902,6.233904,-165.2363,-0.410156,-0.195313,982.2559,-0.18,-0.03875,-0.12125,-9.0,-3.0,54.0,28.0,-31.0,42.0,59.0,54.0,0,8030,28.0,-31.0,41.0,43.88889
1766285126.8686001,-1.302166,6.257149,-165.2072,0.566406,2.246094,982.2559,0.0075,-0.10125,0.19125,-9.0,-3.0,54.0,28.0,-31.0,42.0,59.0,54.0,0,8055,28.0,-31.0,41.0,43.88889
1766285127.072275,-1.310516,6.203811,-165.1897,-2.851563,-0.195313,979.3262,0.195,0.27375,0.25375,-8.0,-1.0,54.0,29.0,-29.0,42.0,58.0,54.0,0,8081,28.0,-31.0,41.0,44.44444
1766285127.269001,-1.305814,6.252536,-165.1868,1.054688,0.292969,980.791,-0.18,0.52375,0.06625,-8.0,-2.0,54.0,29.0,-30.0,42.0,59.0,54.0,0,8106,28.0,-31.0,41.0,43.88889
1766285127.472666,-1.300079,6.25726,-165.165,1.054688,2.246094,980.3027,0.07,0.08625,0.19125,-10.0,-3.0,54.0,27.0,-31.0,42.0,58.0,55.0,0,8132,28.0,-31.0,41.0,43.88889
1766285127.670799,-1.285584,6.281071,-165.1679,-2.363281,3.710938,985.6738,-0.1175,-0.03875,0.19125,-9.0,-1.0,55.0,28.0,-29.0,43.0,58.0,55.0,0,8157,28.0,-31.0,41.0,43.88889
1766285127.873253,-1.321557,6.278199,-165.1643,-0.898438,0.78125,979.3262,0.07,0.02375,-0.05875,-8.0,-3.0,54.0,29.0,-31.0,42.0,59.0,54.0,0,8183,28.0,-31.0,41.0,43.88889
1766285128.077846,-1.332723,6.243919,-165.1372,1.054688,0.292969,978.8379,-0.305,0.21125,0.00375,-8.0,-3.0,53.0,29.0,-31.0,41.0,59.0,53.0,0,8209,28.0,-31.0,41.0,43.88889
1766285128.282225,-1.334632,6.213687,-165.1219,0.078125,2.246094,975.9082,-0.1175,0.14875,0.00375,-8.0,-4.0,54.0,29.0,-32.0,42.0,60.0,54.0,0,8235,28.0,-31.0,41.0,44.44444
1766285128.482076,-1.309324,6.188212,-165.1082,0.566406,4.199219,978.3496,-0.1175,0.21125,0.06625,-7.0,-3.0,53.0,30.0,-31.0,41.0,59.0,53.0,0,8260,28.0,-31.0,41.0,43.88889
1766285128.680615,-1.30441,6.169259,-165.086,0.566406,0.292969,982.7441,-0.1175,-0.10125,0.25375,-8.0,-3.0,56.0,29.0,-31.0,44.0,61.0,56.0,0,8285,28.0,-31.0,41.0,43.88889
1766285128.887608,-1.322554,6.138685,-165.0732,-0.410156,0.292969,978.8379,-0.055,-0.22625,0.25375,-9.0,-3.0,54.0,28.0,-31.0,42.0,59.0,54.0,0,8311,28.0,-31.0,41.0,43.88889
1766285129.0816572,-1.327606,6.15865,-165.0737,-0.898438,-0.195313,979.3262,-0.18,0.39875,-0.05875,-8.0,-3.0,54.0,29.0,-31.0,42.0,59.0,54.0,0,8336,28.0,-31.0,41.0,43.88889
1766285129.284642,-1.308865,6.155472,-165.0653,-2.363281,0.292969,977.8613,-0.055,0.02375,0.00375,-10.0,-2.0,53.0,27.0,-30.0,41.0,57.0,53.0,0,8362,28.0,-31.0,41.0,44.44444
1766285129.481768,-1.290897,6.17256,-165.0513,-1.875,0.78125,981.2793,0.195,-0.03875,-0.24625,-8.0,-2.0,54.0,29.0,-30.0,42.0,59.0,54.0,0,8387,28.0,-31.0,41.0,43.88889
1766285129.685937,-1.276169,6.15219,-165.0355,1.054688,2.734375,977.8613,0.0075,0.02375,0.00375,-8.0,-2.0,54.0,29.0,-30.0,42.0,59.0,54.0,0,8413,28.0,-31.0,41.0,43.88889
1766285129.889879,-1.280909,6.174551,-165.0184,1.054688,0.292969,981.7676,0.1325,0.14875,0.00375,-9.0,-3.0,54.0,28.0,-31.0,42.0,59.0,54.0,0,8439,28.0,-31.0,41.0,43.88889
1766285130.093717,-1.286096,6.131793,-165.0224,2.519531,2.246094,978.3496,0.1325,-0.03875,-0.12125,-9.0,-2.0,55.0,28.0,-30.0,43.0,59.0,55.0,0,8465,28.0,-31.0,41.0,43.88889
1766285130.2982268,-1.307371,6.183238,-165.005,-1.386719,2.734375,978.3496,0.07,0.14875,-0.05875,-9.0,-3.0,53.0,28.0,-31.0,41.0,58.0,53.0,0,8491,28.0,-31.0,41.0,43.88889
1766285130.497631,-1.300094,6.228306,-164.9827,0.078125,-0.195313,978.3496,0.195,-0.10125,0.25375,-9.0,-1.0,54.0,28.0,-29.0,42.0,58.0,54.0,0,8516,28.0,-31.0,41.0,43.88889
1766285130.69948,-1.298933,6.213507,-164.9692,-0.898438,-0.683594,981.2793,-0.1175,0.33625,0.12875,-9.0,-2.0,55.0,28.0,-30.0,43.0,59.0,55.0,0,8542,28.0,-31.0,41.0,44.44444
1766285130.89638,-1.32646,6.192964,-164.9683,-0.410156,2.246094,979.3262,0.0075,0.14875,-0.12125,-8.0,-3.0,55.0,29.0,-31.0,43.0,60.0,55.0,0,8567,28.0,-31.0,41.0,43.88889
1766285131.1004732,-1.337036,6.161248,-164.9572,-1.386719,0.78125,979.8145,0.07,-0.03875,-0.37125,-9.0,-2.0,54.0,28.0,-30.0,42.0,58.0,54.0,0,8593,28.0,-31.0,41.0,44.44444
1766285131.297236,-1.320211,6.154806,-164.9435,0.566406,-1.660156,980.3027,0.0075,0.08625,0.25375,-8.0,-3.0,53.0,29.0,-31.0,41.0,59.0,53.0,0,8618,28.0,-31.0,41.0,43.88889
1766285131.501747,-1.318567,6.158496,-164.9353,1.542969,1.757813,981.7676,-0.1175,0.33625,0.19125,-9.0,-3.0,53.0,28.0,-31.0,41.0,58.0,53.0,0,8644,28.0,-31.0,41.0,43.88889
1766285131.6987588,-1.322037,6.18158,-164.9132,1.054688,1.269531,979.8145,-0.1175,0.08625,0.12875,-9.0,-2.0,55.0,28.0,-30.0,43.0,59.0,55.0,0,8669,28.0,-31.0,41.0,43.88889
1766285131.9022348,-1.288144,6.186545,-164.9071,2.03125,-0.683594,981.7676,0.195,-0.28875,0.00375,-11.0,-1.0,54.0,26.0,-29.0,42.0,57.0,55.0,0,8695,28.0,-31.0,41.0,43.88889
1766285132.098956,-1.2847,6.184566,-164.8971,2.03125,0.292969,983.7207,0.195,0.27375,-0.24625,-8.0,-3.0,54.0,29.0,-31.0,42.0,59.0,54.0,0,8720,28.0,-31.0,41.0,44.44444
1766285132.3027132,-1.257182,6.210319,-164.888,1.054688,1.757813,976.8848,0.32,0.02375,-0.37125,-10.0,-2.0,53.0,27.0,-30.0,41.0,57.0,53.0,0,8746,28.0,-31.0,41.0,43.88889
1766285132.504095,-1.25908,6.215877,-164.8741,-0.410156,0.78125,980.791,-0.1175,0.21125,0.00375,-8.0,-2.0,55.0,29.0,-30.0,43.0,59.0,55.0,0,8771,28.0,-31.0,41.0,43.88889
1766285132.704314,-1.248649,6.189377,-164.8604,-1.386719,-4.101563,977.8613,0.0075,0.08625,-0.12125,-9.0,-2.0,55.0,28.0,-30.0,43.0,59.0,55.0,0,8797,28.0,-31.0,41.0,43.88889
1766285132.900692,-1.254978,6.199326,-164.8615,1.542969,1.757813,979.3262,-0.1175,0.27375,-0.37125,-8.0,-5.0,54.0,29.0,-33.0,42.0,60.0,54.0,0,8822,28.0,-31.0,41.0,43.88889
1766285133.097876,-1.252311,6.192511,-164.8479,-2.363281,1.269531,977.8613,0.1325,-0.10125,-0.18375,-8.0,-3.0,54.0,29.0,-31.0,42.0,59.0,54.0,0,8847,28.0,-31.0,41.0,44.44444
1766285133.302934,-1.26968,6.240726,-164.8393,0.566406,-0.683594,981.2793,-0.2425,-0.10125,-0.12125,-8.0,-3.0,54.0,29.0,-31.0,42.0,59.0,54.0,0,8873,28.0,-31.0,41.0,43.88889
1766285133.506616,-1.264039,6.192232,-164.8216,1.054688,-0.683594,978.8379,0.07,-0.03875,-0.05875,-8.0,-2.0,54.0,29.0,-30.0,42.0,59.0,54.0,0,8899,28.0,-31.0,41.0,43.88889
1766285133.703269,-1.252743,6.186676,-164.8194,-0.898438,-0.683594,979.3262,-0.055,-0.28875,0.00375,-8.0,-2.0,54.0,29.0,-30.0,42.0,59.0,54.0,0,8924,28.0,-31.0,41.0,43.88889
1766285133.9102988,-1.242344,6.163379,-164.8118,0.566406,-1.171875,980.791,-0.055,0.33625,-0.12125,-8.0,-3.0,55.0,29.0,-31.0,43.0,60.0,55.0,0,8950,28.0,-31.0,41.0,44.44444
1766285134.105129,-1.229565,6.119141,-164.7902,-1.386719,3.222656,979.3262,-0.1175,0.33625,-0.12125,-9.0,-2.0,54.0,28.0,-30.0,42.0,58.0,54.0,0,8975,28.0,-31.0,41.0,44.44444
1766285134.308213,-1.215743,6.100367,-164.7763,-1.875,-2.148438,979.3262,0.07,0.39875,-0.43375,-8.0,-3.0,55.0,29.0,-31.0,43.0,60.0,55.0,0,9001,28.0,-31.0,41.0,44.44444
1766285134.505184,-1.200893,6.127552,-164.7616,1.054688,0.78125,983.2324,0.0075,0.14875,-0.18375,-9.0,-3.0,52.0,28.0,-31.0,40.0,57.0,52.0,0,9026,28.0,-31.0,41.0,44.44444
1766285134.709093,-1.186423,6.125032,-164.756,0.078125,2.246094,977.8613,0.32,0.14875,-0.18375,-8.0,-3.0,53.0,29.0,-31.0,41.0,59.0,53.0,0,9052,28.0,-31.0,41.0,44.44444
1766285134.906652,-1.182126,6.144821,-164.7479,-1.386719,0.292969,980.3027,0.0075,-0.03875,0.00375,-8.0,-2.0,55.0,29.0,-30.0,43.0,59.0,55.0,0,9077,28.0,-31.0,41.0,43.33333
1766285135.110519,-1.187502,6.160838,-164.7376,-1.386719,5.175781,979.3262,0.0075,0.02375,0.06625,-9.0,-2.0,52.0,28.0,-30.0,40.0,57.0,52.0,0,9103,28.0,-31.0,41.0,44.44444
1766285135.3134289,-1.183098,6.19146,-164.7207,1.054688,0.292969,980.3027,-0.055,0.33625,0.00375,-6.0,-1.0,54.0,31.0,-29.0,42.0,59.0,54.0,0,9129,28.0,-31.0,41.0,43.88889
1766285135.510993,-1.182647,6.149523,-164.7033,1.542969,-0.683594,980.791,0.1325,0.33625,-0.05875,-9.0,-3.0,54.0,28.0,-31.0,42.0,59.0,54.0,0,9154,28.0,-31.0,41.0,44.44444
1766285135.715353,-1.186463,6.162656,-164.6906,-1.386719,0.78125,979.3262,0.0075,0.39875,0.00375,-10.0,-2.0,55.0,27.0,-30.0,43.0,58.0,55.0,0,9180,28.0,-31.0,41.0,43.88889
1766285135.912564,-1.18751,6.183794,-164.6846,-0.410156,-1.171875,979.8145,0.07,-0.03875,0.00375,-9.0,-2.0,55.0,28.0,-30.0,43.0,59.0,55.0,0,9205,28.0,-31.0,41.0,43.88889
1766285136.116086,-1.15595,6.200963,-164.6765,-1.875,3.222656,976.8848,0.1325,-0.35125,-0.05875,-8.0,-2.0,54.0,29.0,-30.0,42.0,59.0,54.0,0,9231,28.0,-31.0,41.0,44.44444
1766285136.3204029,-1.140206,6.225154,-164.6476,3.007813,0.292969,983.2324,-0.1175,0.08625,0.31625,-9.0,-2.0,54.0,28.0,-30.0,42.0,58.0,54.0,0,9257,28.0,-31.0,41.0,44.44444
1766285136.5248199,-1.133615,6.216913,-164.6304,-1.386719,0.292969,977.8613,0.1325,0.08625,-0.12125,-10.0,-2.0,54.0,27.0,-30.0,42.0,58.0,54.0,0,9283,28.0,-31.0,41.0,43.88889
1766285136.728674,-1.143839,6.207941,-164.6081,-1.386719,1.269531,980.3027,0.07,0.27375,-0.05875,-7.0,-2.0,54.0,30.0,-30.0,42.0,59.0,54.0,0,9309,28.0,-31.0,41.0,43.88889
1766285136.9257338,-1.152053,6.209743,-164.5948,0.566406,2.734375,981.2793,0.07,-0.03875,-0.12125,-10.0,-3.0,54.0,27.0,-31.0,42.0,58.0,55.0,0,9334,28.0,-31.0,41.0,44.44444
1766285137.129963,-1.156132,6.146119,-164.58,-1.386719,-3.125,979.3262,-0.18,-0.22625,0.06625,-7.0,-2.0,55.0,30.0,-30.0,43.0,60.0,55.0,0,9360,28.0,-31.0,41.0,44.44444
1766285137.333771,-1.142896,6.111771,-164.5534,0.566406,-0.195313,980.3027,0.07,-0.03875,0.12875,-9.0,-2.0,54.0,28.0,-30.0,42.0,58.0,54.0,0,9386,28.0,-31.0,41.0,44.44444
1766285137.53024,-1.120698,6.131254,-164.4298,-1.875,0.78125,977.8613,0.195,0.27375,16.44125,-9.0,-2.0,54.0,28.0,-30.0,42.0,58.0,54.0,0,9411,28.0,-31.0,41.0,44.44444
1766285137.738392,-1.128078,6.177702,-164.409,1.542969,0.292969,979.3262,-0.18,-0.16375,0.06625,-9.0,-2.0,55.0,28.0,-30.0,43.0,59.0,55.0,0,9437,28.0,-31.0,41.0,44.44444
1766285137.931417,-1.158877,6.131988,-164.4054,1.542969,4.6875,978.3496,-0.1175,-0.16375,-0.18375,-9.0,-2.0,54.0,28.0,-30.0,42.0,58.0,54.0,0,9462,28.0,-31.0,41.0,44.44444
1766285138.135251,-1.16948,6.122562,-164.4004,-1.386719,1.757813,981.7676,-0.18,0.46125,-0.12125,-9.0,-3.0,55.0,28.0,-31.0,43.0,59.0,55.0,0,9488,28.0,-31.0,41.0,44.44444
1766285138.332727,-1.173542,6.072577,-164.388,-0.410156,1.757813,977.373,0.1325,-0.16375,0.06625,-8.0,-2.0,54.0,29.0,-30.0,42.0,59.0,54.0,0,9513,28.0,-31.0,41.0,44.44444
1766285138.536408,-1.192423,6.071049,-164.3775,0.078125,-1.660156,980.791,0.0075,0.08625,0.06625,-9.0,-3.0,54.0,28.0,-31.0,42.0,59.0,54.0,0,9539,28.0,-31.0,41.0,44.44444
1766285138.7439082,-1.192466,6.096288,-164.3563,0.078125,0.292969,981.7676,0.1325,0.33625,0.06625,-7.0,-3.0,54.0,30.0,-31.0,42.0,60.0,54.0,0,9565,28.0,-31.0,41.0,43.88889
1766285138.944997,-1.177103,6.113454,-164.329,1.054688,2.734375,978.8379,-0.2425,0.27375,0.06625,-8.0,-2.0,54.0,29.0,-30.0,42.0,59.0,54.0,0,9590,28.0,-31.0,41.0,44.44444
1766285139.138537,-1.167933,6.078968,-164.3198,0.078125,3.222656,981.2793,-0.055,0.02375,0.06625,-9.0,-1.0,55.0,28.0,-29.0,43.0,58.0,55.0,0,9615,28.0,-31.0,41.0,44.44444
1766285139.3427389,-1.174335,6.070085,-164.4262,-0.410156,-1.171875,981.7676,-0.2425,0.33625,-0.18375,-9.0,-3.0,55.0,28.0,-31.0,43.0,59.0,55.0,0,9641,28.0,-31.0,41.0,44.44444
1766285139.539073,-1.171057,6.099452,-164.4111,1.542969,-0.195313,979.3262,-0.055,-0.03875,-0.18375,-10.0,-2.0,53.0,27.0,-30.0,41.0,57.0,53.0,0,9666,28.0,-31.0,41.0,43.88889
1766285139.743629,-1.167863,6.065578,-164.4083,0.566406,1.757813,980.3027,0.3825,-0.10125,0.12875,-8.0,-2.0,55.0,29.0,-30.0,43.0,59.0,55.0,0,9692,28.0,-31.0,41.0,43.88889
1766285139.951654,-1.147597,6.049842,-164.4007,1.542969,1.269531,979.3262,-0.18,0.39875,-0.12125,-9.0,-3.0,54.0,28.0,-31.0,42.0,59.0,54.0,0,9718,28.0,-31.0,41.0,43.88889
1766285140.144572,-1.159336,6.066828,-164.3803,-1.386719,1.757813,980.791,0.07,0.08625,-0.05875,-8.0,-2.0,55.0,29.0,-30.0,43.0,59.0,55.0,0,9743,28.0,-31.0,41.0,44.44444
1766285140.353893,-1.164526,6.0317,-164.3693,-1.386719,1.269531,979.8145,0.0075,0.08625,-0.05875,-7.0,-3.0,55.0,30.0,-31.0,43.0,60.0,55.0,0,9769,28.0,-31.0,41.0,44.44444
1766285140.545116,-1.169563,6.05909,-164.3456,1.054688,-0.683594,976.8848,0.07,-0.03875,0.19125,-9.0,-3.0,54.0,28.0,-31.0,42.0,59.0,54.0,0,9794,28.0,-31.0,41.0,44.44444
1766285140.752921,-1.156017,6.095096,-164.3296,-0.898438,2.246094,979.8145,-0.1175,0.21125,0.12875,-9.0,-2.0,54.0,28.0,-30.0,42.0,58.0,54.0,0,9820,28.0,-31.0,41.0,44.44444
1766285140.946213,-1.152843,6.073552,-164.3189,2.03125,1.757813,980.791,0.07,0.08625,-0.12125,-8.0,-1.0,55.0,29.0,-29.0,43.0,59.0,55.0,0,9845,28.0,-31.0,41.0,44.44444
1766285141.149984,-1.14461,6.069296,-164.3036,0.566406,1.757813,982.2559,-0.055,0.08625,0.31625,-8.0,-2.0,52.0,29.0,-30.0,40.0,57.0,52.0,0,9871,28.0,-31.0,41.0,44.44444
1766285141.346933,-1.124914,6.066869,-164.2999,-0.410156,1.757813,982.2559,0.1325,0.14875,-0.12125,-8.0,-3.0,54.0,29.0,-31.0,42.0,59.0,54.0,0,9896,28.0,-31.0,41.0,44.44444
1766285141.553069,-1.132381,6.091283,-164.2867,1.054688,0.292969,980.791,0.1325,0.08625,0.19125,-8.0,-3.0,54.0,29.0,-31.0,42.0,59.0,54.0,0,9922,28.0,-31.0,41.0,44.44444
1766285141.755161,-1.10429,6.103496,-164.2629,-0.410156,2.246094,978.3496,0.07,0.08625,-0.24625,-8.0,-2.0,54.0,29.0,-30.0,42.0,59.0,54.0,0,9948,28.0,-31.0,41.0,44.44444
1766285141.952697,-1.109453,6.103983,-164.2389,-0.410156,1.269531,979.3262,-0.055,-0.10125,0.06625,-9.0,-1.0,54.0,28.0,-29.0,42.0,58.0,54.0,0,9973,28.0,-31.0,41.0,44.44444
1766285142.156289,-1.0945,6.090618,-164.2304,-0.410156,1.269531,978.3496,-0.055,0.33625,0.31625,-8.0,-2.0,53.0,29.0,-30.0,41.0,58.0,53.0,0,9999,28.0,-31.0,41.0,44.44444
1766285142.353636,-1.074226,6.067149,-164.211,-0.898438,0.292969,980.3027,0.1325,-0.16375,0.00375,-8.0,-3.0,54.0,29.0,-31.0,42.0,59.0,54.0,0,10024,28.0,-31.0,41.0,44.44444
1766285142.5570712,-1.057807,6.084983,-164.1911,1.054688,-0.195313,977.8613,0.0075,0.14875,-0.24625,-9.0,-3.0,54.0,28.0,-31.0,42.0,59.0,54.0,0,10050,28.0,-31.0,41.0,44.44444
1766285142.7538,-1.076068,6.051761,-164.186,1.054688,2.246094,980.3027,0.0075,0.08625,-0.12125,-9.0,-1.0,54.0,28.0,-29.0,42.0,58.0,54.0,0,10075,28.0,-31.0,41.0,44.44444
1766285142.9591901,-1.056183,6.071806,-164.1639,-0.410156,0.292969,979.8145,0.1325,0.14875,-0.18375,-9.0,-2.0,55.0,28.0,-30.0,43.0,59.0,55.0,0,10101,28.0,-31.0,41.0,43.88889
1766285143.155075,-1.056029,6.051443,-164.1564,2.03125,-0.195313,976.8848,0.07,0.39875,-0.24625,-8.0,-2.0,54.0,29.0,-30.0,42.0,59.0,54.0,0,10126,28.0,-31.0,41.0,44.44444
1766285143.358926,-1.039267,6.062347,-164.1336,0.078125,-0.683594,980.3027,0.07,-0.10125,-0.18375,-8.0,-2.0,54.0,29.0,-30.0,42.0,59.0,54.0,0,10152,28.0,-31.0,41.0,44.44444
1766285143.556926,-1.030669,6.05379,-164.1099,-0.898438,3.710938,980.791,0.0075,-0.03875,-0.18375,-9.0,-1.0,54.0,28.0,-29.0,42.0,58.0,54.0,0,10177,28.0,-31.0,41.0,44.44444
1766285143.7601311,-1.029046,6.058843,-164.0932,0.566406,1.757813,976.3965,-0.1175,0.14875,0.12875,-7.0,-3.0,55.0,30.0,-31.0,43.0,60.0,55.0,0,10203,28.0,-31.0,41.0,44.44444
1766285143.9568582,-1.0555,6.09577,-164.0886,3.984375,1.269531,979.3262,0.1325,0.39875,-0.12125,-9.0,-2.0,54.0,28.0,-30.0,42.0,58.0,54.0,0,10228,28.0,-31.0,41.0,44.44444
1766285144.16189,-1.072199,6.088517,-164.0765,-0.410156,0.292969,978.3496,-0.1175,0.14875,-0.18375,-8.0,-3.0,55.0,29.0,-31.0,43.0,60.0,55.0,0,10254,28.0,-31.0,41.0,43.88889
1766285144.357806,-1.091577,6.150206,-164.053,0.566406,0.78125,980.3027,-0.055,0.33625,-0.18375,-8.0,-3.0,54.0,29.0,-31.0,42.0,59.0,54.0,0,10279,28.0,-31.0,41.0,44.44444
1766285144.5627708,-1.088194,6.139674,-164.042,0.566406,-0.683594,980.3027,-0.18,0.27375,0.06625,-8.0,-2.0,54.0,29.0,-30.0,42.0,59.0,54.0,0,10305,28.0,-31.0,41.0,44.44444
1766285144.7674901,-1.097694,6.152452,-164.15,0.078125,-0.195313,975.4199,-0.055,0.27375,-0.24625,-8.0,-1.0,52.0,29.0,-29.0,40.0,57.0,52.0,0,10331,28.0,-31.0,41.0,44.44444
1766285144.963191,-1.089406,6.139926,-164.127,0.566406,0.78125,981.2793,-0.2425,0.21125,0.19125,-10.0,-2.0,54.0,27.0,-30.0,42.0,58.0,54.0,0,10356,28.0,-31.0,41.0,44.44444
1766285145.1595461,-1.082739,6.152843,-164.1154,1.542969,1.269531,978.8379,-0.1175,0.08625,0.25375,-8.0,-2.0,54.0,29.0,-30.0,42.0,59.0,54.0,0,10381,28.0,-31.0,41.0,45.0
1766285145.368006,-1.085842,6.15106,-164.108,-1.386719,4.6875,979.3262,0.32,-0.22625,-0.12125,-9.0,-2.0,54.0,28.0,-30.0,42.0,58.0,54.0,0,10407,28.0,-31.0,41.0,44.44444
1766285145.569209,-1.092719,6.162249,-164.0926,-0.410156,1.757813,981.2793,0.0075,0.27375,-0.18375,-9.0,-3.0,53.0,28.0,-31.0,41.0,58.0,53.0,0,10433,28.0,-31.0,41.0,44.44444
1766285145.770556,-1.081123,6.142622,-164.0889,1.542969,2.246094,981.2793,0.1325,0.02375,0.12875,-9.0,-2.0,55.0,28.0,-30.0,43.0,59.0,55.0,0,10458,28.0,-31.0,41.0,44.44444
1766285145.9719539,-1.079896,6.129382,-164.0685,2.03125,-1.660156,979.3262,0.2575,-0.22625,0.31625,-8.0,-1.0,55.0,29.0,-29.0,43.0,59.0,55.0,0,10484,28.0,-31.0,41.0,44.44444
1766285146.167326,-1.094126,6.112032,-164.0614,0.566406,-0.683594,977.8613,0.1325,-0.22625,-0.18375,-8.0,-2.0,54.0,29.0,-30.0,42.0,59.0,54.0,0,10509,28.0,-31.0,41.0,44.44444
1766285146.37039,-1.120117,6.12261,-164.0494,0.566406,2.734375,980.3027,-0.055,0.14875,-0.24625,-9.0,0.0,54.0,28.0,-28.0,42.0,57.0,54.0,0,10535,28.0,-31.0,41.0,44.44444
1766285146.567821,-1.106354,6.14884,-164.044,0.078125,-0.683594,979.3262,0.1325,0.21125,-0.05875,-9.0,-1.0,53.0,28.0,-29.0,41.0,57.0,53.0,0,10560,28.0,-31.0,41.0,44.44444
1766285146.771332,-1.091706,6.120568,-164.0228,-0.410156,2.734375,980.791,0.07,-0.41375,0.25375,-9.0,-1.0,54.0,28.0,-29.0,42.0,58.0,54.0,0,10586,28.0,-31.0,41.0,44.44444
1766285146.9684339,-1.105824,6.140313,-163.9979,0.566406,-1.660156,980.791,0.195,-0.10125,-0.05875,-8.0,-3.0,53.0,29.0,-31.0,41.0,59.0,53.0,0,10611,28.0,-31.0,41.0,44.44444
1766285147.1722739,-1.098167,6.175044,-163.9915,1.054688,0.292969,978.8379,0.0075,0.27375,0.12875,-9.0,-3.0,53.0,28.0,-31.0,41.0,58.0,53.0,0,10637,28.0,-31.0,41.0,44.44444
1766285147.3687239,-1.113803,6.123732,-163.985,0.566406,1.269531,978.8379,0.32,-0.10125,0.19125,-9.0,-3.0,54.0,28.0,-31.0,42.0,59.0,54.0,0,10662,28.0,-31.0,41.0,44.44444
1766285147.573287,-1.107994,6.094193,-163.964,-1.875,1.269531,980.791,-0.18,-0.28875,0.12875,-9.0,-3.0,54.0,28.0,-31.0,42.0,59.0,54.0,0,10688,28.0,-31.0,41.0,44.44444
1766285147.770679,-1.117926,6.089336,-163.9483,2.03125,1.269531,981.2793,0.1325,-0.10125,-0.24625,-8.0,-3.0,54.0,29.0,-31.0,42.0,59.0,54.0,0,10713,28.0,-31.0,41.0,44.44444
1766285147.974549,-1.135851,6.084925,-164.0508,1.054688,3.222656,983.2324,0.0075,0.14875,0.12875,-9.0,-2.0,55.0,28.0,-30.0,43.0,59.0,55.0,0,10739,28.0,-31.0,41.0,44.44444
1766285148.1715782,-1.135008,6.105293,-164.029,-1.386719,-0.683594,983.2324,-0.18,0.08625,-0.37125,-8.0,-2.0,55.0,29.0,-30.0,43.0,59.0,55.0,0,10764,28.0,-31.0,41.0,44.44444
1766285148.3760982,-1.13285,6.096448,-164.0221,-1.875,-0.683594,981.7676,-0.1175,0.02375,0.12875,-8.0,-3.0,56.0,29.0,-31.0,44.0,61.0,56.0,0,10790,28.0,-31.0,41.0,44.44444
1766285148.5723908,-1.150267,6.102282,-164.0128,-1.386719,-0.683594,980.3027,-0.1175,-0.10125,0.12875,-9.0,-3.0,53.0,28.0,-31.0,41.0,58.0,53.0,0,10815,28.0,-31.0,41.0,44.44444
1766285148.773653,-1.15176,6.085446,-163.9929,0.078125,-0.195313,977.373,-0.055,0.39875,-0.12125,-8.0,-3.0,54.0,29.0,-31.0,42.0,59.0,54.0,0,10840,28.0,-31.0,41.0,44.44444
1766285148.977212,-1.121134,6.026459,-163.97,-0.410156,0.78125,979.3262,-0.305,0.08625,0.12875,-9.0,-3.0,54.0,28.0,-31.0,42.0,59.0,54.0,0,10866,28.0,-31.0,41.0,44.44444
1766285149.1816478,-1.111377,5.977838,-163.9587,-0.898438,-0.195313,975.4199,0.0075,0.02375,0.12875,-8.0,-2.0,54.0,29.0,-30.0,42.0,59.0,54.0,0,10892,28.0,-31.0,41.0,45.0
1766285149.385777,-1.083545,5.931025,-163.9496,1.542969,1.269531,979.3262,-0.1175,0.27375,-0.05875,-9.0,-2.0,53.0,28.0,-30.0,41.0,58.0,53.0,0,10918,28.0,-31.0,41.0,44.44444
1766285149.5837948,-1.075874,5.972785,-163.9272,0.566406,-2.148438,978.3496,0.1325,-0.16375,-0.12125,-8.0,-4.0,54.0,29.0,-32.0,42.0,60.0,54.0,0,10943,28.0,-31.0,41.0,44.44444
1766285149.786276,-1.087932,5.961965,-163.9076,-0.410156,-1.171875,978.8379,-0.1175,-0.41375,0.12875,-8.0,-2.0,54.0,29.0,-30.0,42.0,59.0,54.0,0,10969,28.0,-31.0,41.0,44.44444
1766285149.9903228,-1.095998,5.929132,-163.8944,-0.410156,-0.195313,979.8145,0.07,0.39875,-0.18375,-10.0,-1.0,53.0,27.0,-29.0,41.0,57.0,53.0,0,10995,28.0,-31.0,41.0,44.44444
1766285150.187119,-1.122005,5.979332,-163.8895,1.542969,1.757813,975.9082,-0.055,0.08625,-0.24625,-9.0,-4.0,53.0,28.0,-32.0,41.0,59.0,53.0,0,11020,28.0,-31.0,41.0,44.44444
1766285150.385335,-1.129825,5.996051,-163.8722,1.054688,-0.683594,978.8379,-0.055,0.08625,0.12875,-8.0,-3.0,55.0,29.0,-31.0,43.0,60.0,55.0,0,11045,28.0,-31.0,41.0,44.44444
1766285150.588386,-1.146445,5.985685,-163.8603,-0.410156,0.78125,978.8379,0.07,0.02375,-0.12125,-9.0,-2.0,55.0,28.0,-30.0,43.0,59.0,55.0,0,11071,28.0,-31.0,41.0,44.44444
1766285150.792771,-1.129191,5.990206,-163.8529,2.519531,1.757813,981.7676,0.0075,0.08625,0.31625,-9.0,-2.0,54.0,28.0,-30.0,42.0,58.0,54.0,0,11097,28.0,-31.0,41.0,44.44444
1766285150.990015,-1.124321,5.988912,-163.8457,2.519531,2.734375,979.3262,0.1325,0.14875,0.12875,-8.0,-3.0,54.0,29.0,-31.0,42.0,59.0,54.0,0,11122,28.0,-31.0,41.0,44.44444
1766285151.193813,-1.109832,5.986392,-163.8434,1.542969,0.78125,983.7207,0.195,0.39875,-0.05875,-9.0,-3.0,55.0,28.0,-31.0,43.0,59.0,55.0,0,11148,28.0,-31.0,41.0,44.44444
1766285151.390916,-1.123747,5.969531,-163.8393,1.542969,0.292969,980.791,0.195,-0.10125,-0.18375,-7.0,-3.0,54.0,30.0,-31.0,42.0,60.0,54.0,0,11173,28.0,-31.0,41.0,44.44444
1766285151.594311,-1.12037,5.985313,-163.8214,0.078125,2.246094,980.3027,-0.18,0.02375,0.19125,-9.0,-3.0,54.0,28.0,-31.0,42.0,59.0,54.0,0,11199,28.0,-31.0,41.0,45.0
1766285151.79865,-1.105767,5.966971,-163.8016,0.566406,2.246094,979.8145,-0.055,0.39875,0.00375,-7.0,-3.0,55.0,30.0,-31.0,43.0,60.0,55.0,0,11225,28.0,-31.0,41.0,44.44444
1766285152.002912,-1.098799,5.969757,-163.7922,2.03125,1.269531,979.3262,-0.055,0.08625,0.31625,-8.0,-3.0,55.0,29.0,-31.0,43.0,60.0,55.0,0,11251,28.0,-31.0,41.0,44.44444
1766285152.2008598,-1.131396,5.992786,-164.2408,-0.898438,1.757813,977.373,0.0075,-0.16375,0.12875,-8.0,-2.0,54.0,29.0,-30.0,42.0,59.0,54.0,0,11276,28.0,-31.0,41.0,44.44444
1766285152.402999,-1.12534,6.018385,-164.206,-0.898438,0.292969,981.7676,-0.055,0.21125,0.37875,-9.0,-3.0,54.0,28.0,-31.0,42.0,59.0,54.0,0,11302,28.0,-31.0,41.0,44.44444
1766285152.607944,-1.125927,6.012257,-164.1925,1.542969,-0.195313,982.7441,-0.055,0.14875,-0.05875,-9.0,-2.0,57.0,28.0,-30.0,45.0,60.0,57.0,0,11328,28.0,-31.0,41.0,44.44444
1766285152.8046348,-1.142401,6.013947,-164.1645,-0.410156,2.246094,980.791,0.07,0.46125,-0.05875,-9.0,-3.0,54.0,28.0,-31.0,42.0,59.0,54.0,0,11353,28.0,-31.0,41.0,44.44444
1766285153.007989,-1.115724,6.002836,-164.1443,-0.898438,0.78125,982.7441,0.07,0.58625,-0.12125,-8.0,-3.0,54.0,29.0,-31.0,42.0,59.0,54.0,0,11379,28.0,-31.0,41.0,44.44444
1766285153.212157,-1.101234,5.988469,-164.1234,-0.898438,-0.195313,983.2324,0.07,0.08625,-0.18375,-8.0,-2.0,53.0,29.0,-30.0,41.0,58.0,53.0,0,11405,28.0,-31.0,41.0,45.0
1766285153.4098,-1.086969,5.990342,-164.1037,1.054688,-1.660156,980.3027,-0.1175,-0.10125,-0.18375,-8.0,-2.0,54.0,29.0,-30.0,42.0,59.0,54.0,0,11430,28.0,-31.0,41.0,44.44444
1766285153.6189818,-1.064492,5.960947,-164.0852,-0.410156,1.269531,978.3496,0.07,0.14875,0.31625,-8.0,-3.0,54.0,29.0,-31.0,42.0,59.0,54.0,0,11456,28.0,-31.0,41.0,44.44444
1766285153.810573,-1.070277,5.974782,-164.0695,0.566406,0.78125,981.7676,0.0075,0.27375,-0.18375,-7.0,-2.0,54.0,30.0,-30.0,42.0,59.0,54.0,0,11481,28.0,-31.0,41.0,44.44444
1766285154.016,-1.057568,5.99033,-164.0402,2.03125,1.269531,981.2793,-0.18,0.02375,0.19125,-8.0,-2.0,54.0,29.0,-30.0,42.0,59.0,54.0,0,11507,28.0,-31.0,41.0,44.44444
1766285154.210658,-1.057218,6.012837,-164.0108,2.519531,0.78125,981.2793,0.07,-0.16375,0.12875,-8.0,-4.0,54.0,29.0,-32.0,42.0,60.0,54.0,0,11532,28.0,-31.0,41.0,45.0
1766285154.414948,-1.059358,5.976493,-163.9986,0.078125,1.757813,979.3262,0.07,0.08625,0.06625,-9.0,-3.0,55.0,28.0,-31.0,43.0,59.0,55.0,0,11558,28.0,-31.0,41.0,44.44444
1766285154.611939,-1.057566,6.001896,-163.9827,1.054688,0.292969,976.8848,0.1325,0.02375,0.25375,-9.0,-1.0,54.0,28.0,-29.0,42.0,58.0,54.0,0,11583,28.0,-31.0,41.0,45.0
1766285154.8170292,-1.049737,6.024596,-163.9704,3.984375,0.292969,982.7441,-0.055,0.27375,-0.05875,-8.0,-2.0,52.0,29.0,-30.0,40.0,57.0,52.0,0,11609,28.0,-31.0,41.0,44.44444
1766285155.013172,-1.05505,5.988954,-163.9585,-2.363281,2.734375,980.3027,0.0075,0.39875,0.31625,-8.0,-3.0,54.0,29.0,-31.0,42.0,59.0,54.0,0,11634,28.0,-31.0,41.0,44.44444
1766285155.217195,-1.049363,5.976379,-163.9504,-0.410156,2.734375,979.8145,0.1325,0.02375,0.00375,-7.0,-2.0,54.0,30.0,-30.0,42.0,59.0,54.0,0,11660,28.0,-31.0,41.0,44.44444
1766285155.413805,-1.05709,6.027607,-163.9357,-0.898438,2.734375,977.373,0.07,0.33625,0.12875,-8.0,-3.0,54.0,29.0,-31.0,42.0,59.0,54.0,0,11685,28.0,-31.0,41.0,44.44444
1766285155.6192691,-1.062292,6.01785,-163.9165,-0.898438,-0.195313,981.2793,0.195,-0.16375,-0.05875,-9.0,-2.0,53.0,28.0,-30.0,41.0,58.0,53.0,0,11711,28.0,-31.0,41.0,45.0
1766285155.8225439,-1.066609,6.008255,-163.9079,1.054688,1.757813,979.3262,0.0075,0.39875,0.25375,-8.0,-4.0,54.0,29.0,-32.0,42.0,60.0,54.0,0,11737,28.0,-31.0,41.0,44.44444
1766285156.0196102,-1.059563,6.01838,-163.8991,1.542969,-0.195313,983.7207,-0.1175,0.08625,-0.05875,-9.0,-2.0,54.0,28.0,-30.0,42.0,58.0,54.0,0,11762,28.0,-31.0,41.0,44.44444
1766285156.223657,-1.02537,6.00513,-163.8949,1.054688,-0.683594,979.8145,0.195,-0.10125,0.00375,-8.0,-1.0,54.0,29.0,-29.0,42.0,58.0,54.0,0,11788,28.0,-31.0,41.0,45.0
1766285156.427464,-1.012362,5.955166,-163.8758,-0.898438,0.78125,980.791,-0.055,0.39875,0.12875,-9.0,-1.0,54.0,28.0,-29.0,42.0,58.0,54.0,0,11814,28.0,-31.0,41.0,44.44444
1766285156.62407,-1.020498,5.96913,-163.8707,1.054688,1.269531,981.7676,0.32,0.02375,0.25375,-8.0,-2.0,54.0,29.0,-30.0,42.0,59.0,54.0,0,11839,28.0,-31.0,41.0,45.0
1766285156.8286898,-1.028888,5.947724,-163.8656,0.566406,-0.195313,976.3965,-0.055,-0.03875,0.12875,-8.0,-2.0,54.0,29.0,-30.0,42.0,59.0,54.0,0,11865,28.0,-31.0,41.0,45.0
1766285157.031992,-1.035656,5.879191,-163.8681,2.03125,0.292969,982.2559,-0.1175,-0.16375,-0.37125,-8.0,-4.0,55.0,29.0,-32.0,43.0,60.0,55.0,0,11891,28.0,-31.0,41.0,45.0
1766285157.2357178,-1.02727,5.847393,-163.8526,0.078125,1.757813,980.791,0.0075,-0.22625,0.25375,-9.0,-2.0,54.0,28.0,-30.0,42.0,58.0,54.0,0,11917,28.0,-31.0,41.0,45.0
1766285157.440656,-1.036492,5.879963,-163.8448,2.03125,0.78125,978.3496,0.0075,0.21125,-0.12125,-9.0,-2.0,54.0,28.0,-30.0,42.0,58.0,54.0,0,11943,28.0,-31.0,41.0,45.0
1766285157.6388328,-1.012295,5.880745,-163.8353,0.566406,-0.195313,979.3262,0.1325,0.27375,-0.37125,-8.0,-1.0,55.0,29.0,-29.0,43.0,59.0,55.0,0,11968,28.0,-31.0,41.0,44.44444
1766285157.841196,-0.999181,5.884054,-163.8075,-2.363281,0.292969,980.791,-0.1175,0.46125,0.00375,-9.0,-4.0,54.0,28.0,-32.0,42.0,59.0,54.0,0,11994,28.0,-31.0,41.0,44.44444
1766285158.046119,-0.974038,5.84955,-163.7893,1.542969,1.757813,981.7676,0.1325,-0.10125,0.19125,-7.0,-1.0,56.0,30.0,-29.0,44.0,60.0,56.0,0,12020,28.0,-31.0,41.0,44.44444
1766285158.2487822,-0.978023,5.878551,-163.7742,1.054688,0.78125,978.8379,0.07,0.14875,-0.05875,-7.0,-2.0,54.0,30.0,-30.0,42.0,59.0,54.0,0,12046,28.0,-31.0,41.0,45.0
1766285158.452815,-0.956927,5.886401,-163.7457,0.078125,0.292969,979.3262,0.07,0.02375,-0.12125,-9.0,-3.0,54.0,28.0,-31.0,42.0,59.0,54.0,0,12072,28.0,-31.0,41.0,45.0
1766285158.654377,-0.977833,5.906462,-163.7332,2.03125,0.292969,978.3496,0.2575,0.14875,0.00375,-8.0,-3.0,55.0,29.0,-31.0,43.0,60.0,55.0,0,12097,28.0,-31.0,41.0,44.44444
1766285158.8581052,-0.98318,5.904534,-163.7411,-0.410156,0.78125,978.3496,-0.3675,0.46125,0.06625,-8.0,-3.0,54.0,29.0,-31.0,42.0,59.0,54.0,0,12123,28.0,-31.0,41.0,45.0
1766285159.057179,-1.006045,5.952404,-163.7286,0.078125,0.292969,979.8145,-0.055,0.39875,-0.12125,-9.0,-2.0,54.0,28.0,-30.0,42.0,58.0,54.0,0,12148,28.0,-31.0,41.0,44.44444
1766285159.259706,-1.003099,5.988365,-163.7086,1.542969,0.78125,977.8613,-0.18,0.14875,-0.18375,-9.0,-4.0,52.0,28.0,-32.0,40.0,58.0,52.0,0,12174,28.0,-31.0,41.0,44.44444
1766285159.464076,-1.008546,5.981307,-163.7017,2.03125,2.734375,984.209,-0.1175,-0.03875,0.00375,-7.0,-2.0,55.0,30.0,-30.0,43.0,60.0,55.0,0,12200,28.0,-31.0,41.0,44.44444
1766285159.66652,-0.988585,5.94102,-163.6769,1.054688,1.757813,980.3027,0.195,0.21125,0.25375,-8.0,-1.0,53.0,29.0,-29.0,41.0,57.0,53.0,0,12226,28.0,-31.0,41.0,45.0
1766285159.8714392,-0.975088,5.949648,-163.6735,1.054688,3.710938,981.2793,0.07,0.27375,-0.12125,-9.0,-3.0,53.0,28.0,-31.0,41.0,58.0,53.0,0,12252,28.0,-31.0,41.0,45.0
1766285160.072382,-0.955823,5.960238,-163.6507,0.566406,1.269531,979.8145,-0.055,0.08625,-0.05875,-8.0,-2.0,53.0,29.0,-30.0,41.0,58.0,53.0,0,12277,28.0,-31.0,41.0,44.44444
1766285160.272404,-0.962132,5.906606,-163.6247,-0.898438,5.175781,982.2559,0.0075,-0.16375,-0.24625,-9.0,-4.0,55.0,28.0,-32.0,43.0,60.0,55.0,0,12303,28.0,-31.0,41.0,45.0
1766285160.468852,-0.969186,5.904998,-163.611,-0.410156,2.246094,981.7676,-0.2425,0.39875,-0.18375,-9.0,-2.0,53.0,28.0,-30.0,41.0,58.0,53.0,0,12328,28.0,-31.0,41.0,45.0
1766285160.67389,-0.970055,5.924698,-163.6018,2.03125,2.246094,976.8848,0.195,0.14875,-0.12125,-9.0,-1.0,53.0,28.0,-29.0,41.0,57.0,53.0,0,12354,28.0,-31.0,41.0,44.44444
1766285160.871117,-0.974907,5.926001,-163.5936,0.078125,-0.195313,979.3262,0.0075,-0.10125,0.12875,-8.0,-2.0,54.0,29.0,-30.0,42.0,59.0,54.0,0,12379,28.0,-31.0,41.0,45.0
1766285161.074799,-0.989144,5.952293,-163.5779,3.007813,0.292969,981.7676,-0.18,0.27375,0.06625,-8.0,-2.0,55.0,29.0,-30.0,43.0,59.0,55.0,0,12405,28.0,-31.0,41.0,45.0
1766285161.278254,-0.976202,5.951201,-163.5642,-1.875,0.292969,980.791,-0.055,0.21125,-0.24625,-8.0,-2.0,55.0,29.0,-30.0,43.0,59.0,55.0,0,12431,28.0,-31.0,41.0,45.0
1766285161.482462,-0.969969,5.930767,-163.5452,-0.410156,0.78125,977.8613,0.07,-0.03875,-0.05875,-8.0,-3.0,52.0,29.0,-31.0,40.0,58.0,52.0,0,12457,28.0,-31.0,41.0,45.0
1766285161.681204,-0.947823,5.977829,-163.5313,1.054688,1.269531,980.791,0.07,-0.10125,0.06625,-9.0,-2.0,53.0,28.0,-30.0,41.0,58.0,53.0,0,12482,28.0,-31.0,41.0,44.44444
1766285161.88497,-0.948499,5.968984,-163.5282,0.078125,-0.683594,978.3496,-0.18,-0.22625,-0.05875,-8.0,-1.0,53.0,29.0,-29.0,41.0,57.0,53.0,0,12508,28.0,-31.0,41.0,45.0
1766285162.0879061,-0.965015,5.982496,-163.5091,-0.898438,-0.683594,975.9082,-0.055,0.02375,0.06625,-9.0,-2.0,55.0,28.0,-30.0,43.0,59.0,55.0,0,12534,28.0,-31.0,41.0,44.44444
1766285162.290774,-0.938251,5.924704,-163.4944,1.542969,0.292969,980.791,0.0075,0.27375,0.25375,-8.0,-1.0,53.0,29.0,-29.0,41.0,57.0,53.0,0,12560,28.0,-31.0,41.0,45.0
1766285162.495659,-0.934309,5.920303,-163.4794,1.542969,-1.171875,982.2559,-0.18,0.33625,0.06625,-7.0,-2.0,53.0,30.0,-30.0,41.0,59.0,53.0,0,12586,28.0,-31.0,41.0,45.0
1766285162.698992,-0.94143,5.921923,-163.4536,0.078125,0.292969,982.2559,0.1325,-0.35125,-0.12125,-7.0,-2.0,55.0,30.0,-30.0,43.0,60.0,55.0,0,12612,28.0,-31.0,41.0,45.0
1766285162.902956,-0.924147,5.98631,-163.4283,-1.875,2.734375,980.791,-0.1175,-0.10125,-0.05875,-9.0,-4.0,53.0,28.0,-32.0,41.0,59.0,53.0,0,12638,28.0,-31.0,41.0,44.44444
1766285163.108067,-0.944725,5.973765,-163.4124,0.566406,1.269531,978.3496,-0.055,0.14875,0.12875,-9.0,-3.0,54.0,28.0,-31.0,42.0,59.0,54.0,0,12664,28.0,-31.0,41.0,44.44444
1766285163.305161,-0.936564,5.993879,-163.394,-0.410156,1.269531,978.8379,0.195,0.14875,0.00375,-9.0,-2.0,54.0,28.0,-30.0,42.0,58.0,54.0,0,12689,28.0,-31.0,41.0,44.44444
1766285163.5089228,-0.927118,6.028534,-163.3737,3.984375,2.734375,978.8379,-0.055,0.33625,0.19125,-9.0,-2.0,54.0,28.0,-30.0,42.0,58.0,54.0,0,12715,28.0,-31.0,41.0,44.44444
1766285163.712595,-0.929809,5.969745,-163.3667,2.03125,-1.660156,980.791,0.07,-0.10125,-0.12125,-8.0,-4.0,56.0,29.0,-32.0,44.0,61.0,56.0,0,12741,28.0,-31.0,41.0,45.0
1766285163.916116,-0.947756,5.991779,-163.3535,-0.410156,0.78125,978.8379,-0.1175,-0.10125,0.06625,-10.0,-3.0,54.0,27.0,-31.0,42.0,58.0,55.0,0,12767,28.0,-31.0,41.0,45.0
1766285164.120351,-0.954965,5.990763,-163.3315,1.542969,-0.195313,979.3262,0.1325,0.02375,0.00375,-9.0,-2.0,53.0,28.0,-30.0,41.0,58.0,53.0,0,12793,28.0,-31.0,41.0,45.0
1766285164.31756,-0.960448,6.000694,-163.3264,3.007813,0.78125,979.8145,-0.055,0.33625,-0.24625,-9.0,-2.0,53.0,28.0,-30.0,41.0,58.0,53.0,0,12818,28.0,-31.0,41.0,45.0
1766285164.523191,-0.967982,6.023058,-163.3113,1.542969,1.757813,979.8145,0.07,0.08625,0.12875,-9.0,-2.0,53.0,28.0,-30.0,41.0,58.0,53.0,0,12844,28.0,-31.0,41.0,45.0
1766285164.725347,-0.951723,6.038705,-163.3045,-2.363281,1.269531,979.8145,-0.305,-0.28875,0.00375,-7.0,-1.0,55.0,30.0,-29.0,43.0,59.0,55.0,0,12870,28.0,-31.0,41.0,45.0
1766285164.929512,-0.96687,6.064079,-163.2796,1.054688,0.78125,977.8613,0.195,0.02375,0.25375,-9.0,-2.0,56.0,28.0,-30.0,44.0,60.0,56.0,0,12896,28.0,-31.0,41.0,45.0
1766285165.133898,-0.958266,5.996135,-163.2611,2.03125,0.78125,984.6973,-0.055,0.21125,-0.05875,-9.0,-2.0,54.0,28.0,-30.0,42.0,58.0,54.0,0,12922,28.0,-31.0,41.0,44.44444
1766285165.337177,-0.975476,6.014122,-163.2413,1.542969,1.757813,980.791,0.07,0.14875,0.00375,-9.0,-1.0,53.0,28.0,-29.0,41.0,57.0,53.0,0,12948,28.0,-31.0,41.0,45.0
1766285165.541536,-0.976418,6.006199,-163.2155,1.054688,1.269531,981.2793,0.07,0.14875,0.31625,-7.0,-2.0,53.0,30.0,-30.0,41.0,59.0,53.0,0,12974,28.0,-31.0,41.0,45.0
1766285165.7381701,-0.975851,6.037195,-163.2041,3.007813,-0.683594,977.8613,0.1325,0.02375,0.12875,-9.0,-2.0,53.0,28.0,-30.0,41.0,58.0,53.0,0,12999,28.0,-31.0,41.0,45.0
1766285165.9424891,-0.994362,6.036874,-163.1932,2.519531,2.734375,980.791,0.0075,0.02375,0.06625,-8.0,-2.0,55.0,29.0,-30.0,43.0,59.0,55.0,0,13025,28.0,-31.0,41.0,45.0
1766285166.140291,-0.985182,6.079912,-163.1762,1.542969,-0.683594,982.7441,0.07,0.08625,0.19125,-9.0,-3.0,53.0,28.0,-31.0,41.0,58.0,53.0,0,13050,28.0,-31.0,41.0,44.44444
1766285166.342974,-1.007967,6.066644,-163.1719,2.519531,-0.683594,981.7676,-0.18,0.14875,-0.18375,-8.0,-2.0,54.0,29.0,-30.0,42.0,59.0,54.0,0,13076,28.0,-31.0,41.0,45.0
1766285166.540669,-1.033451,6.038795,-163.1545,-1.386719,2.246094,982.7441,-0.305,-0.03875,0.19125,-9.0,-2.0,53.0,28.0,-30.0,41.0,58.0,53.0,0,13101,28.0,-31.0,41.0,44.44444
1766285166.74428,-1.015469,6.012609,-163.1339,-0.898438,1.269531,981.7676,0.195,-0.16375,0.06625,-9.0,-2.0,55.0,28.0,-30.0,43.0,59.0,55.0,0,13127,28.0,-31.0,41.0,45.0
1766285166.948365,-0.974824,5.977755,-163.1311,-0.898438,2.734375,979.3262,-0.1175,0.02375,-0.05875,-7.0,-1.0,54.0,30.0,-29.0,42.0,59.0,54.0,0,13153,28.0,-31.0,41.0,45.0
1766285167.1514392,-0.9688,5.952345,-163.1189,1.542969,2.734375,980.791,-0.1175,0.08625,0.31625,-8.0,-2.0,54.0,29.0,-30.0,42.0,59.0,54.0,0,13179,28.0,-31.0,41.0,45.0
1766285167.3571131,-0.974876,5.935425,-163.1125,-0.410156,-1.171875,979.3262,0.0075,0.14875,0.06625,-9.0,-1.0,54.0,28.0,-29.0,42.0,58.0,54.0,0,13205,28.0,-31.0,41.0,44.44444
1766285167.5550988,-1.000084,5.95227,-163.1034,0.566406,0.78125,977.373,-0.18,-0.22625,-0.12125,-8.0,-2.0,54.0,29.0,-30.0,42.0,59.0,54.0,0,13230,28.0,-31.0,41.0,45.0
1766285167.758083,-0.980706,5.950773,-163.0999,3.007813,4.199219,981.7676,0.1325,0.08625,0.25375,-9.0,-3.0,53.0,28.0,-31.0,41.0,58.0,53.0,0,13256,28.0,-31.0,41.0,45.0
1766285167.962653,-0.989273,5.948349,-163.0757,3.496094,0.292969,981.2793,-0.2425,0.08625,-0.05875,-7.0,-3.0,56.0,30.0,-31.0,44.0,61.0,56.0,0,13282,28.0,-31.0,41.0,45.0
1766285168.1661088,-1.00362,5.941986,-163.0565,0.078125,1.269531,979.3262,-0.055,0.39875,-0.24625,-8.0,-3.0,53.0,29.0,-31.0,41.0,59.0,53.0,0,13308,28.0,-31.0,41.0,45.0
1766285168.368972,-1.012962,5.934737,-163.045,0.078125,2.246094,981.2793,0.07,0.02375,0.00375,-7.0,-3.0,53.0,30.0,-31.0,41.0,59.0,53.0,0,13334,28.0,-31.0,41.0,45.0
1766285168.5727968,-0.987834,5.849926,-163.0267,-0.898438,0.292969,979.3262,0.1325,0.52375,-0.24625,-8.0,0.0,55.0,29.0,-28.0,43.0,58.0,55.0,0,13360,28.0,-31.0,41.0,45.0
1766285168.7747872,-0.95854,5.870099,-163.0044,-0.410156,1.757813,979.3262,-0.055,-0.10125,-0.05875,-10.0,-1.0,54.0,27.0,-29.0,42.0,57.0,54.0,0,13385,28.0,-31.0,41.0,45.0
1766285168.971105,-0.955843,5.871456,-162.9983,0.566406,2.734375,980.3027,0.2575,0.08625,-0.05875,-8.0,-2.0,54.0,29.0,-30.0,42.0,59.0,54.0,0,13410,28.0,-31.0,41.0,45.0
1766285169.174612,-0.953973,5.847612,-162.9908,0.566406,0.78125,977.373,-0.055,-0.03875,0.12875,-8.0,-1.0,53.0,29.0,-29.0,41.0,57.0,53.0,0,13436,28.0,-31.0,41.0,45.0
1766285169.372962,-0.965992,5.847098,-162.97,0.566406,-0.195313,981.2793,-0.055,0.08625,-0.12125,-6.0,-4.0,54.0,31.0,-32.0,42.0,61.0,54.0,0,13461,28.0,-31.0,41.0,45.0
1766285169.576759,-0.979735,5.835332,-162.9725,-0.410156,-2.148438,979.3262,-0.1175,-0.10125,-0.05875,-8.0,-2.0,54.0,29.0,-30.0,42.0,59.0,54.0,0,13487,28.0,-31.0,41.0,45.0
1766285169.782283,-0.979903,5.843821,-162.9667,0.078125,-1.660156,979.8145,0.0075,-0.03875,-0.12125,-8.0,-2.0,53.0,29.0,-30.0,41.0,58.0,53.0,0,13513,28.0,-31.0,41.0,45.0
1766285169.984802,-0.977407,5.849641,-162.9444,-0.898438,1.269531,976.8848,-0.055,0.08625,-0.12125,-7.0,-3.0,52.0,30.0,-31.0,40.0,58.0,52.0,0,13539,28.0,-31.0,41.0,45.0
1766285170.189086,-0.974505,5.832984,-162.9186,-0.898438,-0.683594,978.3496,0.0075,0.21125,0.56625,-7.0,-2.0,54.0,30.0,-30.0,42.0,59.0,54.0,0,13565,28.0,-31.0,41.0,45.0
1766285170.3848698,-0.980001,5.894164,-162.9189,1.054688,-0.683594,979.3262,-0.2425,0.33625,0.00375,-8.0,-2.0,54.0,29.0,-30.0,42.0,59.0,54.0,0,13590,28.0,-31.0,41.0,45.0
1766285170.588973,-0.970573,5.902883,-162.905,0.566406,2.734375,979.3262,0.2575,0.27375,-0.12125,-7.0,-3.0,55.0,30.0,-31.0,43.0,60.0,55.0,0,13616,28.0,-31.0,41.0,45.0
1766285170.786195,-0.961439,5.899655,-162.8827,1.054688,3.222656,981.7676,0.0075,0.02375,0.25375,-10.0,-2.0,52.0,27.0,-30.0,40.0,56.0,52.0,0,13641,28.0,-31.0,41.0,45.0
1766285170.990552,-0.951879,5.834363,-162.8834,1.054688,0.292969,980.3027,-0.055,0.33625,0.06625,-8.0,-2.0,55.0,29.0,-30.0,43.0,59.0,55.0,0,13667,28.0,-31.0,41.0,45.0
1766285171.189932,-0.940352,5.797798,-162.8665,0.566406,2.734375,977.8613,0.0075,0.21125,0.00375,-8.0,-2.0,55.0,29.0,-30.0,43.0,59.0,55.0,0,13692,28.0,-31.0,41.0,45.0
1766285171.399047,-0.921912,5.812298,-162.8392,0.566406,0.78125,982.7441,-0.1175,0.21125,0.06625,-7.0,-2.0,55.0,30.0,-30.0,43.0,60.0,55.0,0,13719,28.0,-31.0,41.0,45.0
1766285171.597497,-0.915611,5.809077,-162.823,-1.386719,1.269531,980.791,0.0075,0.52375,0.00375,-8.0,-2.0,54.0,29.0,-30.0,42.0,59.0,54.0,0,13744,28.0,-31.0,41.0,45.0
1766285171.799458,-0.906824,5.78456,-162.8173,0.566406,-0.683594,977.8613,0.07,0.21125,0.00375,-7.0,-2.0,54.0,30.0,-30.0,42.0,59.0,54.0,0,13770,28.0,-31.0,41.0,45.0
1766285172.003558,-0.91443,5.82571,-162.8116,1.542969,2.246094,978.3496,0.07,0.27375,-0.05875,-7.0,-3.0,55.0,30.0,-31.0,43.0,60.0,55.0,0,13796,28.0,-31.0,41.0,45.55556
1766285172.207861,-0.911302,5.823342,-162.7861,0.078125,-0.683594,982.2559,0.07,0.27375,-0.12125,-8.0,-2.0,55.0,29.0,-30.0,43.0,59.0,55.0,0,13822,28.0,-31.0,41.0,45.0
1766285172.405181,-0.913302,5.829718,-162.7702,-0.410156,-1.171875,979.8145,-0.1175,0.02375,0.00375,-9.0,-2.0,55.0,28.0,-30.0,43.0,59.0,55.0,0,13847,28.0,-31.0,41.0,45.0
1766285172.607958,-0.91544,5.844657,-162.7766,-0.410156,0.78125,981.7676,0.07,0.02375,-0.49625,-9.0,0.0,53.0,28.0,-28.0,41.0,57.0,53.0,0,13873,28.0,-31.0,41.0,45.0
1766285172.8051322,-0.955343,5.833547,-162.7518,-0.410156,3.222656,979.8145,-0.3675,0.02375,0.00375,-8.0,-3.0,54.0,29.0,-31.0,42.0,59.0,54.0,0,13898,28.0,-31.0,41.0,45.0
1766285173.009566,-0.97982,5.805937,-162.7415,3.007813,1.269531,980.791,-0.1175,0.02375,-0.05875,-7.0,-2.0,54.0,30.0,-30.0,42.0,59.0,54.0,0,13924,28.0,-31.0,41.0,45.0
1766285173.207094,-0.963241,5.804415,-162.7102,0.078125,-0.683594,981.7676,-0.1175,-0.03875,0.12875,-9.0,-2.0,52.0,28.0,-30.0,40.0,57.0,52.0,0,13949,28.0,-31.0,41.0,45.0
1766285173.411257,-0.973439,5.85012,-162.6906,3.007813,-0.195313,979.3262,-0.2425,-0.16375,0.25375,-7.0,-2.0,54.0,30.0,-30.0,42.0,59.0,54.0,0,13975,28.0,-31.0,41.0,45.55556
1766285173.607357,-0.949599,5.823687,-162.6709,-1.386719,4.6875,982.2559,0.0075,-0.22625,0.06625,-9.0,-3.0,54.0,28.0,-31.0,42.0,59.0,54.0,0,14000,28.0,-31.0,41.0,45.0
1766285173.8122602,-0.946921,5.846614,-162.6657,-0.898438,3.222656,978.8379,-0.055,-0.16375,0.37875,-7.0,-3.0,54.0,30.0,-31.0,42.0,60.0,54.0,0,14026,28.0,-31.0,41.0,45.55556
1766285174.0080829,-0.935922,5.819304,-162.6562,1.542969,3.710938,980.791,0.32,0.02375,-0.12125,-7.0,-2.0,53.0,30.0,-30.0,41.0,59.0,53.0,0,14051,28.0,-31.0,41.0,45.0
1766285174.212516,-0.93552,5.800883,-162.6342,2.03125,3.710938,979.8145,-0.055,-0.16375,0.19125,-7.0,-3.0,55.0,30.0,-31.0,43.0,60.0,55.0,0,14077,28.0,-31.0,41.0,45.0
1766285174.409357,-0.949271,5.797199,-162.6216,0.566406,2.246094,980.3027,-0.055,-0.03875,0.25375,-6.0,-3.0,54.0,31.0,-31.0,42.0,60.0,54.0,0,14102,28.0,-31.0,41.0,44.44444
1766285174.612996,-0.964044,5.802536,-162.6099,0.566406,0.292969,979.3262,0.07,-0.16375,0.00375,-7.0,-4.0,54.0,30.0,-32.0,42.0,60.0,54.0,0,14128,28.0,-31.0,41.0,45.0
1766285174.810657,-0.939668,5.76099,-162.5857,-1.386719,0.78125,978.3496,-0.1175,0.21125,-0.12125,-8.0,-2.0,52.0,29.0,-30.0,40.0,57.0,52.0,0,14153,28.0,-31.0,41.0,45.0
1766285175.014435,-0.950448,5.757608,-162.5661,2.519531,2.734375,982.2559,0.0075,0.27375,0.12875,-7.0,-2.0,53.0,30.0,-30.0,41.0,59.0,53.0,0,14179,28.0,-31.0,41.0,45.0
1766285175.212047,-0.941383,5.711101,-162.5448,-0.898438,1.757813,978.3496,-0.055,-0.10125,-0.18375,-6.0,-2.0,54.0,31.0,-30.0,42.0,60.0,54.0,0,14204,28.0,-31.0,41.0,45.0
1766285175.414813,-0.919379,5.693039,-162.525,0.566406,1.269531,978.8379,-0.2425,0.27375,-0.05875,-8.0,-2.0,55.0,29.0,-30.0,43.0,59.0,55.0,0,14230,28.0,-31.0,41.0,45.0
1766285175.6133718,-0.930245,5.700886,-162.5038,-0.410156,0.78125,982.7441,0.07,0.27375,-0.05875,-8.0,-2.0,53.0,29.0,-30.0,41.0,58.0,53.0,0,14255,28.0,-31.0,41.0,45.0
1766285175.8173141,-0.926856,5.711793,-162.4813,1.054688,0.78125,978.3496,-0.2425,-0.10125,0.25375,-7.0,-3.0,53.0,30.0,-31.0,41.0,59.0,53.0,0,14281,28.0,-31.0,41.0,45.0
1766285176.020066,-0.944746,5.647985,-162.4756,1.054688,0.292969,979.3262,0.07,-0.03875,0.00375,-8.0,-2.0,56.0,29.0,-30.0,44.0,60.0,56.0,0,14307,28.0,-31.0,41.0,45.0
1766285176.224681,-0.952832,5.661801,-162.4715,1.054688,0.292969,980.3027,0.0075,-0.22625,-0.18375,-8.0,-3.0,53.0,29.0,-31.0,41.0,59.0,53.0,0,14333,28.0,-31.0,41.0,45.0
1766285176.42804,-0.93659,5.65206,-162.4573,0.078125,2.734375,979.8145,-0.1175,0.02375,-0.12125,-8.0,-2.0,54.0,29.0,-30.0,42.0,59.0,54.0,0,14359,28.0,-31.0,41.0,45.0
1766285176.631855,-0.925395,5.681727,-162.4451,0.078125,2.246094,978.8379,0.1325,0.14875,-0.12125,-8.0,-2.0,54.0,29.0,-30.0,42.0,59.0,54.0,0,14385,28.0,-31.0,41.0,45.0
1766285176.8361468,-0.899857,5.694471,-162.4195,-0.410156,0.292969,983.7207,-0.055,0.08625,0.12875,-9.0,-1.0,54.0,28.0,-29.0,42.0,58.0,54.0,0,14411,28.0,-30.0,41.0,45.0
1766285177.034316,-0.88808,5.688663,-162.404,0.078125,5.175781,978.8379,0.1325,-0.16375,0.06625,-9.0,-2.0,55.0,28.0,-30.0,43.0,59.0,55.0,0,14436,28.0,-30.0,41.0,45.0
1766285177.23741,-0.896237,5.68532,-162.384,2.03125,0.78125,977.8613,-0.055,-0.22625,0.06625,-7.0,-2.0,54.0,30.0,-30.0,42.0,59.0,54.0,0,14462,28.0,-30.0,41.0,45.0
1766285177.440879,-0.865581,5.685952,-162.3807,0.078125,3.710938,980.3027,0.07,-0.10125,0.00375,-7.0,0.0,54.0,30.0,-28.0,42.0,58.0,54.0,0,14488,28.0,-30.0,41.0,45.0
1766285177.638564,-0.868658,5.700881,-162.3651,-1.386719,1.757813,981.2793,0.1325,0.39875,-0.18375,-9.0,-2.0,54.0,28.0,-30.0,42.0,58.0,54.0,0,14513,28.0,-30.0,41.0,45.0
1766285177.8427432,-0.887134,5.748242,-162.3508,1.054688,2.734375,985.6738,-0.2425,0.27375,0.12875,-9.0,-2.0,55.0,28.0,-30.0,43.0,59.0,55.0,0,14539,28.0,-30.0,41.0,45.0
1766285178.046435,-0.881805,5.72141,-162.3345,3.007813,-0.195313,980.791,-0.055,-0.10125,-0.24625,-8.0,-1.0,54.0,29.0,-29.0,42.0,58.0,54.0,0,14565,28.0,-30.0,41.0,45.0
1766285178.250554,-0.886325,5.741427,-162.3213,-1.875,0.292969,979.3262,0.195,-0.03875,0.00375,-9.0,-2.0,53.0,28.0,-30.0,41.0,58.0,53.0,0,14591,28.0,-30.0,41.0,45.0
1766285178.454543,-0.890226,5.775771,-162.2979,-1.875,-0.195313,978.8379,0.1325,-0.16375,0.12875,-8.0,-1.0,54.0,29.0,-29.0,42.0,58.0,54.0,0,14617,28.0,-30.0,41.0,45.0
1766285178.6551738,-0.875805,5.793589,-162.2929,0.078125,-1.171875,977.8613,0.0075,0.02375,0.06625,-9.0,-3.0,54.0,28.0,-31.0,42.0,59.0,54.0,0,14642,28.0,-30.0,41.0,45.0
1766285178.851948,-0.888621,5.838944,-162.2679,1.054688,2.734375,976.3965,0.1325,0.21125,-0.12125,-7.0,-2.0,55.0,30.0,-30.0,43.0,60.0,55.0,0,14667,28.0,-30.0,41.0,45.0
1766285179.063825,-0.886157,5.828839,-162.2484,2.519531,0.292969,980.3027,-0.18,0.08625,-0.05875,-9.0,-1.0,56.0,28.0,-29.0,44.0,59.0,56.0,0,14694,28.0,-30.0,41.0,45.0
1766285179.261465,-0.883469,5.84591,-162.234,-0.898438,2.734375,979.3262,-0.1175,-0.10125,-0.18375,-9.0,-2.0,54.0,28.0,-30.0,42.0,58.0,54.0,0,14719,28.0,-30.0,41.0,45.0
1766285179.463962,-0.860713,5.839952,-162.2145,1.054688,1.757813,977.8613,-0.18,-0.03875,0.00375,-7.0,-3.0,54.0,30.0,-31.0,42.0,60.0,54.0,0,14745,28.0,-30.0,41.0,45.0
1766285179.668671,-0.871006,5.820291,-162.206,1.542969,1.757813,977.373,-0.055,-0.10125,-0.43375,-9.0,-2.0,54.0,28.0,-30.0,42.0,58.0,54.0,0,14771,28.0,-30.0,41.0,45.0
1766285179.869657,-0.878724,5.858199,-162.1889,0.566406,0.292969,981.2793,-0.305,0.02375,-0.12125,-8.0,-4.0,54.0,29.0,-32.0,42.0,60.0,54.0,0,14796,28.0,-30.0,41.0,45.0
1766285180.06896,-0.872947,5.856038,-162.1791,-1.875,1.269531,978.8379,0.07,0.21125,-0.12125,-9.0,-2.0,54.0,28.0,-30.0,42.0,58.0,54.0,0,14822,28.0,-30.0,41.0,45.0
1766285180.267628,-0.879909,5.8325,-162.1612,-0.898438,-0.195313,980.791,0.195,0.39875,-0.18375,-9.0,-2.0,53.0,28.0,-30.0,41.0,58.0,53.0,0,14847,28.0,-30.0,41.0,45.0
1766285180.470942,-0.896477,5.857372,-162.1388,0.566406,0.292969,981.7676,-0.305,0.27375,0.12875,-9.0,-3.0,53.0,28.0,-31.0,41.0,58.0,53.0,0,14873,28.0,-30.0,41.0,45.55556
1766285180.674389,-0.892487,5.847094,-162.1135,2.519531,1.757813,983.7207,-0.1175,-0.03875,-0.18375,-9.0,-2.0,55.0,28.0,-30.0,43.0,59.0,55.0,0,14899,28.0,-30.0,41.0,45.0
1766285180.871907,-0.87082,5.794476,-162.0932,-0.410156,0.292969,978.3496,-0.055,0.02375,0.06625,-8.0,-1.0,54.0,29.0,-29.0,42.0,58.0,54.0,0,14924,28.0,-30.0,41.0,45.0
1766285181.075369,-0.863484,5.783912,-162.0643,-1.875,0.292969,979.3262,-0.1175,-0.22625,-0.24625,-6.0,-3.0,55.0,31.0,-31.0,43.0,61.0,55.0,0,14950,28.0,-30.0,41.0,45.0
1766285181.273225,-0.857326,5.763845,-162.0556,0.078125,-0.195313,980.3027,-0.1175,0.08625,-0.24625,-8.0,-2.0,53.0,29.0,-30.0,41.0,58.0,53.0,0,14975,28.0,-30.0,41.0,45.0
1766285181.476546,-0.858363,5.74344,-162.0463,0.566406,2.246094,979.8145,-0.055,0.52375,0.12875,-8.0,-1.0,53.0,29.0,-29.0,41.0,57.0,53.0,0,15001,28.0,-30.0,41.0,45.0
1766285181.673287,-0.852425,5.767998,-162.0284,0.566406,2.246094,979.3262,-0.1175,0.02375,0.31625,-7.0,-1.0,53.0,30.0,-29.0,41.0,58.0,53.0,0,15026,28.0,-30.0,41.0,45.0
1766285181.877192,-0.836145,5.798978,-162.0123,1.542969,3.222656,976.3965,-0.055,0.21125,0.06625,-7.0,0.0,54.0,30.0,-28.0,42.0,58.0,54.0,0,15052,28.0,-30.0,41.0,45.0
1766285182.081114,-0.836214,5.824028,-161.9976,0.566406,1.269531,982.2559,-0.055,0.33625,-0.24625,-9.0,-1.0,55.0,28.0,-29.0,43.0,58.0,55.0,0,15078,28.0,-30.0,41.0,45.0
1766285182.2848902,-0.844418,5.84926,-161.9884,2.519531,1.757813,981.2793,-0.055,0.02375,0.19125,-7.0,0.0,53.0,30.0,-28.0,41.0,58.0,53.0,0,15104,28.0,-30.0,41.0,45.0
1766285182.485077,-0.824037,5.809443,-161.9811,2.03125,1.269531,981.2793,0.07,-0.10125,0.00375,-7.0,-1.0,54.0,30.0,-29.0,42.0,59.0,54.0,0,15129,28.0,-30.0,41.0,45.0
1766285182.686388,-0.80917,5.858594,-161.969,0.566406,0.78125,981.2793,0.0075,0.21125,-0.18375,-9.0,-2.0,54.0,28.0,-30.0,42.0,58.0,54.0,0,15155,28.0,-30.0,41.0,45.0
1766285182.890141,-0.837381,5.863961,-161.9563,3.007813,0.292969,981.2793,0.0075,0.08625,-0.18375,-8.0,-3.0,53.0,29.0,-31.0,41.0,59.0,53.0,0,15181,28.0,-30.0,41.0,45.0
1766285183.0873559,-0.840247,5.828175,-161.9375,0.566406,-0.683594,981.7676,-0.1175,-0.16375,0.37875,-9.0,-1.0,55.0,28.0,-29.0,43.0,58.0,55.0,0,15206,28.0,-30.0,41.0,45.0
1766285183.291639,-0.831371,5.841774,-161.9083,1.054688,4.199219,978.8379,0.1325,0.14875,0.31625,-9.0,-4.0,53.0,28.0,-32.0,41.0,59.0,53.0,0,15232,28.0,-30.0,41.0,45.0
1766285183.489402,-0.818358,5.782746,-161.8884,2.519531,5.175781,983.2324,0.0075,-0.03875,-0.12125,-6.0,-1.0,54.0,31.0,-29.0,42.0,59.0,54.0,0,15257,28.0,-30.0,41.0,45.0
1766285183.6924942,-0.779357,5.771179,-161.7472,2.519531,0.78125,979.8145,0.0075,0.02375,0.25375,-9.0,-3.0,55.0,28.0,-31.0,43.0,59.0,55.0,0,15283,28.0,-30.0,41.0,45.0
1766285183.89663,-0.77077,5.842075,-161.7387,-0.410156,2.246094,977.8613,-0.055,0.14875,-0.30875,-7.0,0.0,53.0,30.0,-28.0,41.0,58.0,53.0,0,15309,28.0,-30.0,41.0,45.0
1766285184.100738,-0.787874,5.870181,-161.7138,1.054688,1.757813,980.791,-0.055,-0.16375,0.06625,-9.0,-2.0,54.0,28.0,-30.0,42.0,58.0,54.0,0,15335,28.0,-30.0,41.0,45.0
1766285184.305075,-0.77707,5.835877,-161.6922,0.566406,0.292969,976.8848,0.1325,0.21125,-0.30875,-9.0,-2.0,55.0,28.0,-30.0,43.0,59.0,55.0,0,15361,28.0,-30.0,41.0,45.55556
1766285184.5090501,-0.791938,5.816849,-161.682,0.078125,-1.660156,979.8145,0.32,0.14875,0.06625,-7.0,-1.0,54.0,30.0,-29.0,42.0,59.0,54.0,0,15387,28.0,-30.0,41.0,45.0
1766285184.7131908,-0.768491,5.779343,-161.6613,1.542969,-1.660156,978.8379,0.195,0.08625,-0.12125,-8.0,-3.0,54.0,29.0,-31.0,42.0,59.0,54.0,0,15413,28.0,-30.0,41.0,45.55556
1766285184.9095838,-0.750182,5.816442,-161.64,-0.410156,3.222656,977.373,-0.1175,0.33625,0.56625,-9.0,-3.0,54.0,28.0,-31.0,42.0,59.0,54.0,0,15438,28.0,-30.0,41.0,45.55556
1766285185.113386,-0.756834,5.790197,-161.6201,2.03125,0.78125,982.2559,-0.2425,0.14875,-0.24625,-7.0,-3.0,54.0,30.0,-31.0,42.0,60.0,54.0,0,15464,28.0,-30.0,41.0,45.0
1766285185.31716,-0.761499,5.786531,-161.6025,0.566406,3.710938,982.2559,-0.2425,0.02375,0.19125,-8.0,-2.0,54.0,29.0,-30.0,42.0,59.0,54.0,0,15490,28.0,-30.0,41.0,45.0
1766285185.52193,-0.763406,5.756861,-161.5926,2.03125,1.757813,981.2793,0.0075,0.21125,-0.18375,-7.0,-2.0,54.0,30.0,-30.0,42.0,59.0,54.0,0,15516,28.0,-30.0,41.0,45.55556
1766285185.718894,-0.776829,5.779727,-161.5862,1.054688,0.292969,980.3027,-0.055,0.21125,-0.12125,-9.0,-2.0,56.0,28.0,-30.0,44.0,60.0,56.0,0,15541,28.0,-30.0,41.0,45.55556
1766285185.922772,-0.756155,5.759163,-161.5759,1.542969,-0.683594,977.8613,0.1325,0.02375,-0.18375,-7.0,-1.0,54.0,30.0,-29.0,42.0,59.0,54.0,0,15567,28.0,-30.0,41.0,45.0
1766285186.1189451,-0.741144,5.716578,-161.5619,1.054688,-0.195313,977.8613,-0.18,0.08625,-0.37125,-9.0,-2.0,54.0,28.0,-30.0,42.0,58.0,54.0,0,15592,28.0,-30.0,41.0,45.0
1766285186.323096,-0.75563,5.679165,-161.5417,1.542969,1.757813,982.2559,0.0075,-0.03875,0.12875,-7.0,-1.0,56.0,30.0,-29.0,44.0,60.0,56.0,0,15618,28.0,-30.0,41.0,45.0
1766285186.5277,-0.717898,5.712501,-161.5216,-1.386719,1.757813,978.3496,0.1325,0.02375,-0.24625,-8.0,-3.0,55.0,29.0,-31.0,43.0,60.0,55.0,0,15644,28.0,-30.0,41.0,45.0
1766285186.731765,-0.723915,5.740644,-161.4924,1.542969,3.710938,981.2793,-0.18,0.02375,-0.05875,-8.0,-3.0,54.0,29.0,-31.0,42.0,59.0,54.0,0,15670,28.0,-30.0,41.0,45.0
1766285186.9353878,-0.717901,5.708863,-161.4811,-0.410156,-1.171875,978.8379,-0.055,0.02375,0.06625,-6.0,-2.0,55.0,31.0,-30.0,43.0,60.0,55.0,0,15696,28.0,-30.0,41.0,45.0
1766285187.140366,-0.706063,5.735982,-161.4677,-0.898438,0.292969,974.9316,0.07,0.46125,0.12875,-7.0,-2.0,54.0,30.0,-30.0,42.0,59.0,54.0,0,15722,28.0,-30.0,41.0,45.55556
1766285187.344576,-0.720679,5.749318,-161.4544,0.566406,3.222656,974.9316,-0.2425,0.58625,-0.05875,-7.0,-2.0,54.0,30.0,-30.0,42.0,59.0,54.0,0,15748,28.0,-30.0,41.0,45.55556
1766285187.540753,-0.734405,5.722438,-161.4462,-0.410156,1.757813,980.791,-0.055,0.02375,-0.43375,-7.0,-1.0,54.0,30.0,-29.0,42.0,59.0,54.0,0,15773,28.0,-30.0,41.0,45.0
1766285187.745043,-0.739864,5.706967,-161.4316,0.078125,2.734375,981.2793,0.07,0.14875,0.06625,-7.0,-2.0,55.0,30.0,-30.0,43.0,60.0,55.0,0,15799,28.0,-30.0,41.0,45.0
1766285187.947944,-0.738572,5.705475,-161.4135,2.519531,0.292969,980.791,0.07,0.21125,0.00375,-7.0,-2.0,54.0,30.0,-30.0,42.0,59.0,54.0,0,15825,28.0,-30.0,41.0,45.0
1766285188.1523762,-0.748001,5.721767,-161.3932,0.078125,2.734375,979.3262,-0.1175,0.02375,-0.05875,-8.0,-2.0,55.0,29.0,-30.0,43.0,59.0,55.0,0,15851,28.0,-30.0,41.0,45.0
1766285188.356286,-0.726255,5.707387,-161.3701,-0.410156,5.175781,976.8848,0.0075,-0.10125,0.19125,-8.0,-1.0,55.0,29.0,-29.0,43.0,59.0,55.0,0,15877,28.0,-30.0,41.0,45.0
1766285188.5539682,-0.720863,5.689803,-161.3438,-2.363281,1.269531,981.7676,-0.2425,0.02375,0.06625,-8.0,-2.0,54.0,29.0,-30.0,42.0,59.0,54.0,0,15902,28.0,-30.0,41.0,45.0
1766285188.754616,-0.742264,5.724665,-161.323,0.078125,3.710938,978.8379,0.07,0.46125,0.06625,-9.0,-3.0,53.0,28.0,-31.0,41.0,58.0,53.0,0,15927,28.0,-30.0,41.0,45.0
1766285188.951705,-0.766951,5.695283,-161.3116,1.542969,-0.683594,978.8379,-0.055,0.21125,-0.18375,-8.0,-2.0,55.0,29.0,-30.0,43.0,59.0,55.0,0,15952,28.0,-30.0,41.0,45.0
1766285189.155146,-0.777999,5.730024,-161.2951,2.03125,0.78125,980.791,-0.1175,0.33625,0.06625,-7.0,-3.0,55.0,30.0,-31.0,43.0,60.0,55.0,0,15978,28.0,-30.0,41.0,45.0
1766285189.352078,-0.759333,5.739792,-161.2759,0.566406,0.292969,977.8613,0.07,-0.10125,0.00375,-7.0,-3.0,55.0,30.0,-31.0,43.0,60.0,55.0,0,16003,28.0,-30.0,41.0,45.0
1766285189.556768,-0.753145,5.746008,-161.2472,-1.875,3.710938,979.3262,0.07,-0.16375,0.06625,-8.0,-3.0,55.0,29.0,-31.0,43.0,60.0,55.0,0,16029,28.0,-30.0,41.0,45.0
1766285189.753355,-0.726721,5.776995,-161.2291,0.566406,-0.195313,980.3027,-0.055,0.21125,-0.12125,-8.0,-2.0,54.0,29.0,-30.0,42.0,59.0,54.0,0,16054,28.0,-30.0,41.0,45.0
1766285189.957844,-0.734203,5.811399,-161.2115,3.007813,2.246094,979.8145,-0.055,0.08625,0.19125,-8.0,-3.0,56.0,29.0,-31.0,44.0,61.0,56.0,0,16080,28.0,-30.0,41.0,45.55556
1766285190.155713,-0.756939,5.77907,-161.2104,2.03125,-0.195313,980.791,0.0075,-0.03875,-0.30875,-8.0,-2.0,55.0,29.0,-30.0,43.0,59.0,55.0,0,16105,28.0,-30.0,41.0,45.0
1766285190.360571,-0.759597,5.774478,-161.1947,2.03125,-1.660156,979.3262,-0.055,-0.10125,-0.18375,-6.0,-2.0,53.0,31.0,-30.0,41.0,59.0,53.0,0,16131,28.0,-30.0,41.0,45.55556
1766285190.564481,-0.746851,5.782242,-161.1825,-0.410156,-0.195313,981.7676,0.0075,0.08625,0.00375,-9.0,-1.0,54.0,28.0,-29.0,42.0,58.0,54.0,0,16157,28.0,-30.0,41.0,45.55556
1766285190.7746649,-0.76386,5.754639,-161.1693,1.054688,1.757813,980.3027,0.0075,0.21125,0.12875,-9.0,-2.0,55.0,28.0,-30.0,43.0,59.0,55.0,0,16184,28.0,-30.0,41.0,45.55556
1766285190.971516,-0.745697,5.747663,-161.1513,0.566406,-0.195313,980.3027,-0.055,-0.16375,0.37875,-7.0,-1.0,53.0,30.0,-29.0,41.0,58.0,53.0,0,16209,28.0,-30.0,41.0,45.55556
1766285191.1755352,-0.727992,5.737421,-161.1149,-0.898438,3.222656,978.8379,-0.1175,-0.03875,0.31625,-9.0,0.0,54.0,28.0,-28.0,42.0,57.0,54.0,0,16235,28.0,-30.0,41.0,45.55556
1766285191.371209,-0.734269,5.776735,-161.0969,0.566406,2.734375,979.3262,-0.055,0.08625,0.19125,-7.0,-2.0,54.0,30.0,-30.0,42.0,59.0,54.0,0,16260,28.0,-30.0,41.0,45.0
1766285191.576434,-0.745972,5.786059,-161.0754,3.496094,2.246094,979.8145,0.07,0.14875,-0.05875,-8.0,-1.0,54.0,29.0,-29.0,42.0,58.0,54.0,0,16286,28.0,-30.0,41.0,45.55556
1766285191.772946,-0.73275,5.771235,-161.0506,2.519531,1.757813,978.8379,-0.1175,0.33625,0.06625,-7.0,-1.0,54.0,30.0,-29.0,42.0,59.0,54.0,0,16311,28.0,-30.0,41.0,45.0
1766285191.976631,-0.716536,5.824044,-161.0354,0.078125,0.78125,979.8145,-0.305,0.21125,-0.05875,-8.0,-3.0,55.0,29.0,-31.0,43.0,60.0,55.0,0,16337,28.0,-30.0,41.0,45.0
1766285192.173097,-0.725493,5.790506,-161.0231,-2.363281,2.734375,980.791,-0.055,0.27375,-0.30875,-9.0,-4.0,54.0,28.0,-32.0,42.0,59.0,54.0,0,16362,28.0,-30.0,41.0,45.0
1766285192.379103,-0.706515,5.822349,-160.9964,0.078125,-0.683594,975.4199,0.1325,0.21125,-0.30875,-8.0,-2.0,55.0,29.0,-30.0,43.0,59.0,55.0,0,16388,28.0,-30.0,41.0,45.55556
1766285192.574732,-0.714755,5.778508,-160.9836,-0.898438,0.292969,981.2793,-0.2425,0.21125,0.19125,-8.0,0.0,54.0,29.0,-28.0,42.0,58.0,54.0,0,16413,28.0,-30.0,41.0,45.55556
1766285192.783749,-0.717392,5.774611,-160.9784,-0.410156,2.246094,982.2559,0.0075,0.21125,-0.18375,-7.0,-1.0,55.0,30.0,-29.0,43.0,59.0,55.0,0,16439,28.0,-30.0,41.0,45.0
1766285192.976543,-0.724793,5.764629,-160.959,0.078125,1.757813,980.3027,-0.1175,-0.22625,0.00375,-10.0,-2.0,52.0,27.0,-30.0,40.0,56.0,52.0,0,16464,28.0,-30.0,41.0,45.55556
1766285193.1797261,-0.73281,5.741455,-160.9411,1.054688,0.292969,979.3262,0.07,0.27375,-0.05875,-6.0,-2.0,55.0,31.0,-30.0,43.0,60.0,55.0,0,16490,28.0,-30.0,41.0,45.55556
1766285193.3774452,-0.697657,5.781206,-160.9025,0.566406,1.757813,977.8613,0.07,0.27375,-0.24625,-9.0,-2.0,52.0,28.0,-30.0,40.0,57.0,52.0,0,16515,28.0,-30.0,41.0,45.55556
1766285193.581284,-0.706146,5.815847,-160.8855,-0.898438,-0.195313,981.7676,0.195,0.21125,-0.24625,-8.0,-2.0,54.0,29.0,-30.0,42.0,59.0,54.0,0,16541,28.0,-30.0,41.0,45.0
1766285193.7847319,-0.711459,5.742388,-160.8802,0.566406,4.6875,979.8145,0.0075,-0.16375,-0.18375,-9.0,-2.0,55.0,28.0,-30.0,43.0,59.0,55.0,0,16567,28.0,-30.0,41.0,45.55556
1766285193.989742,-0.706586,5.725003,-160.857,0.566406,-1.171875,980.791,-0.1175,0.14875,0.19125,-8.0,-1.0,54.0,29.0,-29.0,42.0,58.0,54.0,0,16593,28.0,-30.0,41.0,45.55556
1766285194.186225,-0.71048,5.760646,-160.8343,-0.410156,-0.683594,979.8145,-0.055,0.02375,0.31625,-6.0,-2.0,54.0,31.0,-30.0,42.0,60.0,54.0,0,16618,28.0,-30.0,41.0,45.0
1766285194.389827,-0.70032,5.767696,-160.8139,1.542969,3.710938,979.3262,-0.18,-0.03875,-0.30875,-8.0,0.0,55.0,29.0,-28.0,43.0,58.0,55.0,0,16644,28.0,-30.0,41.0,45.0
1766285194.586267,-0.721317,5.81757,-160.7982,-0.898438,1.269531,978.8379,0.0075,0.21125,-0.37125,-8.0,-1.0,53.0,29.0,-29.0,41.0,57.0,53.0,0,16669,28.0,-30.0,41.0,45.0
1766285194.7907572,-0.723425,5.827471,-160.7966,-0.898438,1.269531,980.791,0.195,0.08625,-0.12125,-8.0,-1.0,54.0,29.0,-29.0,42.0,58.0,54.0,0,16695,28.0,-30.0,41.0,45.0
1766285194.9896169,-0.702712,5.810202,-160.7889,1.054688,1.269531,983.2324,0.0075,-0.22625,-0.05875,-8.0,-2.0,55.0,29.0,-30.0,43.0,59.0,55.0,0,16720,28.0,-30.0,41.0,45.0
1766285195.192843,-0.720047,5.777579,-160.7781,1.542969,-0.683594,978.8379,0.0075,0.14875,0.06625,-8.0,-2.0,55.0,29.0,-30.0,43.0,59.0,55.0,0,16746,28.0,-30.0,41.0,45.55556
1766285195.417068,-0.743664,5.79218,-160.7814,1.542969,3.222656,979.8145,-0.1175,0.14875,-0.18375,-9.0,-2.0,54.0,28.0,-30.0,42.0,58.0,54.0,0,16775,28.0,-30.0,41.0,45.0
1766285195.614065,-0.745866,5.796875,-160.7613,-0.898438,4.199219,980.791,-0.055,-0.03875,0.37875,-7.0,-2.0,53.0,30.0,-30.0,41.0,59.0,53.0,0,16800,28.0,-30.0,41.0,45.0
1766285195.817539,-0.742663,5.756023,-160.7508,0.566406,0.292969,979.8145,0.1325,-0.03875,-0.12125,-8.0,-1.0,55.0,29.0,-29.0,43.0,59.0,55.0,0,16826,28.0,-30.0,41.0,45.0
1766285196.014432,-0.764915,5.768971,-160.7394,1.542969,-0.683594,984.209,0.3825,0.33625,-0.12125,-8.0,-3.0,54.0,29.0,-31.0,42.0,59.0,54.0,0,16851,28.0,-30.0,41.0,45.0
1766285196.219396,-0.769787,5.749671,-160.7239,0.566406,2.734375,978.3496,-0.055,0.21125,-0.49625,-8.0,-3.0,54.0,29.0,-31.0,42.0,59.0,54.0,0,16877,28.0,-30.0,41.0,45.55556
1766285196.422482,-0.751874,5.758746,-160.6885,2.03125,0.78125,980.3027,0.07,0.46125,0.19125,-7.0,-3.0,55.0,30.0,-31.0,43.0,60.0,55.0,0,16903,28.0,-30.0,41.0,45.55556
1766285196.619808,-0.745673,5.744651,-160.6812,2.519531,0.78125,977.373,0.2575,0.02375,-0.12125,-8.0,-1.0,55.0,29.0,-29.0,43.0,59.0,55.0,0,16928,28.0,-30.0,41.0,45.55556
1766285196.827969,-0.742709,5.712214,-160.6771,1.054688,1.269531,978.8379,0.32,0.08625,-0.18375,-9.0,-1.0,54.0,28.0,-29.0,42.0,58.0,54.0,0,16954,28.0,-30.0,41.0,45.55556
1766285197.02141,-0.740121,5.739778,-160.6621,1.542969,4.6875,977.373,-0.055,0.02375,0.00375,-8.0,-3.0,54.0,29.0,-31.0,42.0,59.0,54.0,0,16979,28.0,-30.0,41.0,45.55556
1766285197.224261,-0.740953,5.740047,-160.6331,2.03125,0.292969,981.2793,0.0075,0.27375,0.00375,-9.0,-1.0,54.0,28.0,-29.0,42.0,58.0,54.0,0,17005,28.0,-30.0,41.0,45.0
1766285197.422851,-0.725868,5.732301,-160.6236,-0.898438,2.734375,977.373,-0.1175,-0.22625,-0.12125,-8.0,-2.0,55.0,29.0,-30.0,43.0,59.0,55.0,0,17030,28.0,-30.0,41.0,45.55556
1766285197.626428,-0.725355,5.74519,-160.6107,1.542969,1.269531,977.373,-0.055,0.02375,-0.12125,-8.0,-2.0,55.0,29.0,-30.0,43.0,59.0,55.0,0,17056,28.0,-30.0,41.0,45.55556
1766285197.82392,-0.73976,5.741498,-160.5854,0.566406,1.757813,977.8613,-0.2425,0.27375,-0.12125,-8.0,-1.0,54.0,29.0,-29.0,42.0,58.0,54.0,0,17081,28.0,-30.0,41.0,45.55556
1766285198.026981,-0.735093,5.759389,-160.5739,1.542969,1.269531,981.2793,0.2575,0.08625,-0.18375,-7.0,-1.0,55.0,30.0,-29.0,43.0,59.0,55.0,0,17107,28.0,-30.0,41.0,45.55556
1766285198.225966,-0.713849,5.72692,-160.5688,1.542969,1.757813,982.7441,-0.055,0.14875,-0.05875,-8.0,-2.0,55.0,29.0,-30.0,43.0,59.0,55.0,0,17132,28.0,-30.0,41.0,45.55556
1766285198.4287622,-0.693786,5.730709,-160.5515,0.566406,0.292969,983.2324,0.07,0.02375,-0.05875,-10.0,-1.0,54.0,27.0,-29.0,42.0,57.0,54.0,0,17158,28.0,-30.0,41.0,45.55556
1766285198.6361449,-0.695763,5.68085,-160.5257,4.472656,1.757813,979.3262,0.07,0.21125,0.12875,-8.0,-2.0,54.0,29.0,-30.0,42.0,59.0,54.0,0,17184,28.0,-30.0,41.0,45.55556
1766285198.835629,-0.697643,5.737855,-160.5185,1.542969,0.78125,980.3027,-0.055,0.02375,-0.18375,-8.0,-4.0,53.0,29.0,-32.0,41.0,59.0,53.0,0,17209,28.0,-30.0,41.0,45.55556
1766285199.0305269,-0.704858,5.698663,-160.5078,1.054688,-0.195313,982.7441,-0.18,-0.10125,0.00375,-7.0,0.0,55.0,30.0,-28.0,43.0,59.0,55.0,0,17234,28.0,-30.0,41.0,45.55556
1766285199.2337222,-0.71343,5.664333,-160.493,-0.410156,2.246094,982.2559,0.0075,0.02375,0.06625,-7.0,-3.0,53.0,30.0,-31.0,41.0,59.0,53.0,0,17260,28.0,-30.0,41.0,45.55556
1766285199.431896,-0.690731,5.67004,-160.4736,0.566406,3.222656,980.3027,-0.055,0.08625,-0.18375,-9.0,-1.0,54.0,28.0,-29.0,42.0,58.0,54.0,0,17285,28.0,-30.0,41.0,45.55556
1766285199.635523,-0.679731,5.672061,-160.4464,-0.898438,1.269531,978.3496,0.195,0.08625,0.00375,-8.0,-3.0,54.0,29.0,-31.0,42.0,59.0,54.0,0,17311,28.0,-30.0,41.0,45.55556
1766285199.839415,-0.659249,5.683811,-160.4283,-2.363281,1.757813,976.8848,0.07,-0.03875,-0.30875,-9.0,-2.0,53.0,28.0,-30.0,41.0,58.0,53.0,0,17337,28.0,-30.0,41.0,45.55556
1766285200.036083,-0.63896,5.677972,-160.3975,4.960938,2.246094,979.3262,-0.18,-0.16375,-0.05875,-7.0,-3.0,54.0,30.0,-31.0,42.0,60.0,54.0,0,17362,28.0,-30.0,41.0,45.0
1766285200.240166,-0.612055,5.681761,-160.3862,1.054688,4.199219,979.8145,-0.1175,0.08625,0.12875,-9.0,-2.0,53.0,28.0,-30.0,41.0,58.0,53.0,0,17388,28.0,-30.0,41.0,45.55556
1766285200.444818,-0.586131,5.712945,-160.3561,-0.410156,0.292969,982.2559,0.1325,0.33625,0.12875,-8.0,0.0,53.0,29.0,-28.0,41.0,57.0,53.0,0,17414,28.0,-30.0,41.0,45.55556
1766285200.647833,-0.57392,5.697946,-160.342,1.542969,2.246094,981.2793,-0.055,-0.16375,-0.12125,-8.0,-3.0,55.0,29.0,-31.0,43.0,60.0,55.0,0,17440,28.0,-30.0,41.0,45.55556
1766285200.851628,-0.578512,5.678357,-160.3229,1.054688,3.222656,976.3965,0.0075,0.02375,-0.12125,-7.0,-3.0,54.0,30.0,-31.0,42.0,60.0,54.0,0,17466,28.0,-30.0,41.0,45.55556
1766285201.056632,-0.617352,5.664917,-160.3065,0.566406,2.734375,978.8379,-0.1175,0.08625,0.12875,-8.0,0.0,53.0,29.0,-28.0,41.0,57.0,53.0,0,17492,28.0,-30.0,41.0,45.55556
1766285201.254358,-0.626627,5.644606,-160.2843,-1.386719,2.246094,981.2793,-0.18,0.02375,0.12875,-6.0,-1.0,53.0,31.0,-29.0,41.0,59.0,53.0,0,17517,28.0,-30.0,41.0,45.55556
1766285201.457217,-0.630152,5.643991,-160.2634,0.078125,3.222656,978.3496,0.07,-0.16375,-0.18375,-8.0,-2.0,55.0,29.0,-30.0,43.0,59.0,55.0,0,17543,28.0,-30.0,41.0,45.55556
